"No.","Time","Source","Destination","Protocol","Length","Info"
"1","0.000000","192.168.100.5","104.18.8.39","TCP","55","58031  >  443 [ACK] Seq=1 Ack=1 Win=257 Len=1 [TCP segment of a reassembled PDU]"
"2","0.016018","192.168.100.5","104.18.8.39","TCP","55","58032  >  443 [ACK] Seq=1 Ack=1 Win=257 Len=1 [TCP segment of a reassembled PDU]"
"3","0.017862","104.18.8.39","192.168.100.5","TCP","66","443  >  58031 [ACK] Seq=1 Ack=2 Win=70 Len=0 SLE=1 SRE=2"
"4","0.028273","104.18.8.39","192.168.100.5","TCP","66","443  >  58032 [ACK] Seq=1 Ack=2 Win=70 Len=0 SLE=1 SRE=2"
"5","0.156034","192.168.100.5","104.18.8.39","TCP","55","58030  >  443 [ACK] Seq=1 Ack=1 Win=257 Len=1 [TCP segment of a reassembled PDU]"
"6","0.171213","104.18.8.39","192.168.100.5","TCP","66","443  >  58030 [ACK] Seq=1 Ack=2 Win=70 Len=0 SLE=1 SRE=2"
"7","0.256026","192.168.100.5","13.35.13.82","TCP","55","58033  >  443 [ACK] Seq=1 Ack=1 Win=63931 Len=1 [TCP segment of a reassembled PDU]"
"8","0.281045","13.35.13.82","192.168.100.5","TCP","60","443  >  58033 [ACK] Seq=1 Ack=2 Win=65535 Len=0"
"9","1.446084","192.168.100.5","104.17.32.105","TCP","55","58034  >  443 [ACK] Seq=1 Ack=1 Win=257 Len=1 [TCP segment of a reassembled PDU]"
"10","1.459400","104.17.32.105","192.168.100.5","TCP","66","443  >  58034 [ACK] Seq=1 Ack=2 Win=70 Len=0 SLE=1 SRE=2"
"11","1.957059","192.168.100.5","23.200.176.48","TCP","55","58067  >  443 [ACK] Seq=1 Ack=1 Win=63800 Len=1 [TCP segment of a reassembled PDU]"
"12","1.971249","23.200.176.48","192.168.100.5","TCP","66","443  >  58067 [ACK] Seq=1 Ack=2 Win=63828 Len=0 SLE=1 SRE=2"
"13","2.167099","192.168.100.5","13.35.13.82","TCP","55","58035  >  443 [ACK] Seq=1 Ack=1 Win=64952 Len=1 [TCP segment of a reassembled PDU]"
"14","2.191355","13.35.13.82","192.168.100.5","TCP","60","443  >  58035 [ACK] Seq=1 Ack=2 Win=65535 Len=0"
"15","2.486065","192.168.100.5","13.33.33.78","TCP","55","58040  >  443 [ACK] Seq=1 Ack=1 Win=64051 Len=1 [TCP segment of a reassembled PDU]"
"16","2.510813","13.33.33.78","192.168.100.5","TCP","60","443  >  58040 [ACK] Seq=1 Ack=2 Win=65535 Len=0"
"17","2.766032","192.168.100.5","52.84.45.62","TCP","55","64874  >  443 [ACK] Seq=1 Ack=1 Win=64520 Len=1 [TCP segment of a reassembled PDU]"
"18","2.766118","192.168.100.5","13.33.38.178","TCP","55","58039  >  443 [ACK] Seq=1 Ack=1 Win=64952 Len=1 [TCP segment of a reassembled PDU]"
"22","2.790656","13.33.38.178","192.168.100.5","TCP","60","443  >  58039 [ACK] Seq=1 Ack=2 Win=65535 Len=0"
"27","2.817019","192.168.100.5","52.85.3.64","TCP","55","58036  >  443 [ACK] Seq=1 Ack=1 Win=64594 Len=1 [TCP segment of a reassembled PDU]"
"37","2.928002","192.168.100.5","142.251.10.121","TLSv1.2","122","Application Data"
"38","2.928115","192.168.100.5","142.251.10.121","TLSv1.2","93","Application Data"
"39","2.928155","192.168.100.5","142.251.10.121","TLSv1.2","1027","Application Data"
"40","2.936624","52.84.45.62","192.168.100.5","TCP","60","443  >  64874 [ACK] Seq=1 Ack=2 Win=65535 Len=0"
"42","2.959275","142.251.10.121","192.168.100.5","TCP","60","443  >  58023 [ACK] Seq=1 Ack=108 Win=65535 Len=0"
"43","2.959275","142.251.10.121","192.168.100.5","TLSv1.2","93","Application Data"
"45","2.977937","52.85.3.64","192.168.100.5","TCP","60","443  >  58036 [ACK] Seq=1 Ack=2 Win=65535 Len=0"
"46","3.110052","192.168.100.5","104.26.9.169","TCP","55","58041  >  443 [ACK] Seq=1 Ack=1 Win=64952 Len=1 [TCP segment of a reassembled PDU]"
"47","3.133374","104.26.9.169","192.168.100.5","TCP","60","443  >  58041 [ACK] Seq=1 Ack=2 Win=65535 Len=0"
"48","3.159068","192.168.100.5","142.251.10.121","TCP","54","58023  >  443 [ACK] Seq=1081 Ack=40 Win=64541 Len=0"
"49","3.163596","142.251.10.121","192.168.100.5","TLSv1.2","136","Application Data"
"50","3.164282","192.168.100.5","142.251.10.121","TLSv1.2","93","Application Data"
"51","3.164351","192.168.100.5","142.251.10.121","TLSv1.2","89","Application Data"
"52","3.189700","142.251.10.121","192.168.100.5","TCP","60","443  >  58023 [ACK] Seq=122 Ack=1155 Win=65535 Len=0"
"54","3.770097","192.168.100.5","104.26.9.169","TCP","55","58059  >  443 [ACK] Seq=1 Ack=1 Win=64952 Len=1 [TCP segment of a reassembled PDU]"
"55","3.796215","104.26.9.169","192.168.100.5","TCP","60","443  >  58059 [ACK] Seq=1 Ack=2 Win=65535 Len=0"
"56","4.919169","192.168.100.5","172.217.194.132","TCP","55","58063  >  443 [ACK] Seq=1 Ack=1 Win=64913 Len=1 [TCP segment of a reassembled PDU]"
"57","4.945596","172.217.194.132","192.168.100.5","TCP","60","443  >  58063 [ACK] Seq=1 Ack=2 Win=65535 Len=0"
"1697","6.297149","192.168.100.5","23.40.36.215","TCP","55","58069  >  443 [ACK] Seq=1 Ack=1 Win=64952 Len=1 [TCP segment of a reassembled PDU]"
"1698","6.322869","23.40.36.215","192.168.100.5","TCP","60","443  >  58069 [ACK] Seq=1 Ack=2 Win=63784 Len=0"
"1699","6.419161","192.168.100.5","104.84.156.239","TCP","55","58070  >  443 [ACK] Seq=1 Ack=1 Win=63959 Len=1 [TCP segment of a reassembled PDU]"
"1700","6.442801","104.84.156.239","192.168.100.5","TCP","60","443  >  58070 [ACK] Seq=1 Ack=2 Win=63765 Len=0"
"1718","6.979183","192.168.100.5","69.173.158.64","TCP","55","58073  >  443 [ACK] Seq=1 Ack=1 Win=64328 Len=1 [TCP segment of a reassembled PDU]"
"1719","6.980195","192.168.100.5","69.173.158.64","TCP","55","58072  >  443 [ACK] Seq=1 Ack=1 Win=63779 Len=1 [TCP segment of a reassembled PDU]"
"1720","6.989191","192.168.100.5","69.173.158.64","TCP","55","58068  >  443 [ACK] Seq=1 Ack=1 Win=64040 Len=1 [TCP segment of a reassembled PDU]"
"1721","6.989191","192.168.100.5","69.173.158.64","TCP","55","58071  >  443 [ACK] Seq=1 Ack=1 Win=64248 Len=1 [TCP segment of a reassembled PDU]"
"1722","6.990180","192.168.100.5","69.173.158.65","TCP","55","58046  >  443 [ACK] Seq=1 Ack=1 Win=63752 Len=1 [TCP segment of a reassembled PDU]"
"1723","7.003347","69.173.158.64","192.168.100.5","TCP","60","443  >  58073 [ACK] Seq=1 Ack=2 Win=28160 Len=0"
"1724","7.003476","69.173.158.64","192.168.100.5","TCP","60","443  >  58072 [ACK] Seq=1 Ack=2 Win=28160 Len=0"
"1725","7.012702","69.173.158.64","192.168.100.5","TCP","60","443  >  58071 [ACK] Seq=1 Ack=2 Win=28160 Len=0"
"1726","7.012925","69.173.158.65","192.168.100.5","TCP","60","443  >  58046 [ACK] Seq=1 Ack=2 Win=38400 Len=0"
"1727","7.012925","69.173.158.64","192.168.100.5","TCP","60","443  >  58068 [ACK] Seq=1 Ack=2 Win=28160 Len=0"
"1728","7.019191","192.168.100.5","69.173.158.65","TCP","55","58043  >  443 [ACK] Seq=1 Ack=1 Win=63736 Len=1 [TCP segment of a reassembled PDU]"
"1729","7.043186","69.173.158.65","192.168.100.5","TCP","60","443  >  58043 [ACK] Seq=1 Ack=2 Win=40960 Len=0"
"1769","7.109180","192.168.100.5","67.202.105.34","TCP","55","58064  >  443 [ACK] Seq=1 Ack=1 Win=64952 Len=1 [TCP segment of a reassembled PDU]"
"1772","7.140186","192.168.100.5","67.202.105.24","TCP","55","58062  >  443 [ACK] Seq=1 Ack=1 Win=63643 Len=1 [TCP segment of a reassembled PDU]"
"1788","7.336478","67.202.105.34","192.168.100.5","TCP","60","443  >  58064 [ACK] Seq=1 Ack=2 Win=31616 Len=0"
"1790","7.367658","67.202.105.24","192.168.100.5","TCP","60","443  >  58062 [ACK] Seq=1 Ack=2 Win=32232 Len=0"
"1791","7.857205","192.168.100.5","69.173.158.64","TCP","55","50415  >  443 [ACK] Seq=1 Ack=1 Win=64952 Len=1 [TCP segment of a reassembled PDU]"
"1792","7.879229","192.168.100.5","35.71.178.8","TCP","55","50413  >  443 [ACK] Seq=1 Ack=1 Win=64115 Len=1 [TCP segment of a reassembled PDU]"
"1793","7.880893","69.173.158.64","192.168.100.5","TCP","60","443  >  50415 [ACK] Seq=1 Ack=2 Win=28160 Len=0"
"1794","7.903356","35.71.178.8","192.168.100.5","TCP","60","443  >  50413 [ACK] Seq=1 Ack=2 Win=65535 Len=0"
"1795","8.069213","192.168.100.5","103.231.98.194","TCP","55","50418  >  443 [ACK] Seq=1 Ack=1 Win=64128 Len=1 [TCP segment of a reassembled PDU]"
"1796","8.093134","103.231.98.194","192.168.100.5","TCP","60","443  >  50418 [ACK] Seq=1 Ack=2 Win=16066 Len=0"
"1797","8.239217","192.168.100.5","34.98.64.218","TCP","55","58056  >  443 [ACK] Seq=1 Ack=1 Win=259 Len=1 [TCP segment of a reassembled PDU]"
"1798","8.252973","34.98.64.218","192.168.100.5","TCP","66","443  >  58056 [ACK] Seq=1 Ack=2 Win=280 Len=0 SLE=1 SRE=2"
"1799","8.259225","192.168.100.5","130.211.16.136","TCP","55","50419  >  443 [ACK] Seq=1 Ack=1 Win=259 Len=1 [TCP segment of a reassembled PDU]"
"1800","8.272086","130.211.16.136","192.168.100.5","TCP","66","443  >  50419 [ACK] Seq=1 Ack=2 Win=265 Len=0 SLE=1 SRE=2"
"1802","8.539231","192.168.100.5","103.229.206.241","TCP","55","50421  >  443 [ACK] Seq=1 Ack=1 Win=64952 Len=1 [TCP segment of a reassembled PDU]"
"1803","8.595511","103.229.206.241","192.168.100.5","TCP","60","443  >  50421 [ACK] Seq=1 Ack=2 Win=63981 Len=0"
"1804","8.969253","192.168.100.5","23.88.75.189","TCP","55","50412  >  443 [ACK] Seq=1 Ack=1 Win=63948 Len=1 [TCP segment of a reassembled PDU]"
"1843","9.160279","23.88.75.189","192.168.100.5","TCP","60","443  >  50412 [ACK] Seq=1 Ack=2 Win=64032 Len=0"
"3069","10.150122","172.217.194.95","192.168.100.5","TLSv1.2","127","Application Data"
"3730","10.350300","192.168.100.5","172.217.194.95","TCP","54","58026  >  443 [ACK] Seq=1 Ack=74 Win=64059 Len=0"
"3784","10.479303","192.168.100.5","74.125.130.113","TCP","55","50436  >  443 [ACK] Seq=1 Ack=1 Win=63589 Len=1 [TCP segment of a reassembled PDU]"
"3787","10.503712","74.125.130.113","192.168.100.5","TCP","60","443  >  50436 [ACK] Seq=1 Ack=2 Win=65535 Len=0"
"3828","12.381398","162.159.130.234","192.168.100.5","TLSv1.2","149","Application Data"
"3829","12.581404","192.168.100.5","162.159.130.234","TCP","54","58010  >  443 [ACK] Seq=1 Ack=96 Win=254 Len=0"
"4122","15.088072","13.35.13.82","192.168.100.5","TLSv1.2","78","[TCP Previous segment not captured] , Application Data"
"4123","15.088072","13.35.13.82","192.168.100.5","TCP","93","[TCP Out-Of-Order] 443  >  58033 [PSH, ACK] Seq=1 Ack=2 Win=65535 Len=39"
"4124","15.088133","192.168.100.5","13.35.13.82","TCP","54","[TCP Dup ACK 7#1] 58033  >  443 [ACK] Seq=2 Ack=1 Win=63931 Len=0"
"4125","15.088220","192.168.100.5","13.35.13.82","TCP","54","58033  >  443 [ACK] Seq=2 Ack=64 Win=63868 Len=0"
"4126","15.088342","13.35.13.82","192.168.100.5","TCP","60","443  >  58033 [FIN, ACK] Seq=64 Ack=2 Win=65535 Len=0"
"4127","15.088374","192.168.100.5","13.35.13.82","TCP","54","58033  >  443 [ACK] Seq=2 Ack=65 Win=63868 Len=0"
"4128","15.090220","192.168.100.5","13.35.13.82","TCP","54","58033  >  443 [FIN, ACK] Seq=2 Ack=65 Win=63868 Len=0"
"4129","15.115001","13.35.13.82","192.168.100.5","TCP","60","443  >  58033 [ACK] Seq=65 Ack=3 Win=65535 Len=0"
"4130","15.148901","172.217.194.95","192.168.100.5","TLSv1.2","110","Application Data"
"4131","15.148901","172.217.194.95","192.168.100.5","TCP","60","443  >  58026 [FIN, ACK] Seq=130 Ack=1 Win=65535 Len=0"
"4132","15.148959","192.168.100.5","172.217.194.95","TCP","54","58026  >  443 [ACK] Seq=1 Ack=131 Win=64003 Len=0"
"4134","15.917525","192.168.100.5","103.231.98.193","TCP","55","58049  >  443 [ACK] Seq=1 Ack=1 Win=64722 Len=1 [TCP segment of a reassembled PDU]"
"4135","15.940918","103.231.98.193","192.168.100.5","TCP","60","443  >  58049 [ACK] Seq=1 Ack=2 Win=31723 Len=0"
"4136","16.057508","192.168.100.5","69.173.158.65","TCP","55","58045  >  443 [ACK] Seq=1 Ack=1 Win=64952 Len=1 [TCP segment of a reassembled PDU]"
"4137","16.081195","69.173.158.65","192.168.100.5","TCP","60","443  >  58045 [ACK] Seq=1 Ack=2 Win=65535 Len=0"
"4138","16.147509","192.168.100.5","13.33.38.178","TCP","55","58038  >  443 [ACK] Seq=1 Ack=1 Win=63782 Len=1 [TCP segment of a reassembled PDU]"
"4139","16.173455","13.33.38.178","192.168.100.5","TCP","60","443  >  58038 [ACK] Seq=1 Ack=2 Win=65535 Len=0"
"4140","16.187514","192.168.100.5","104.18.2.114","TCP","55","58054  >  443 [ACK] Seq=1 Ack=1 Win=257 Len=1 [TCP segment of a reassembled PDU]"
"4141","16.201528","104.18.2.114","192.168.100.5","TCP","66","443  >  58054 [ACK] Seq=1 Ack=2 Win=133 Len=0 SLE=1 SRE=2"
"4142","16.237514","192.168.100.5","74.125.200.188","TCP","55","63335  >  5228 [ACK] Seq=1 Ack=1 Win=64926 Len=1"
"4143","16.261828","74.125.200.188","192.168.100.5","TCP","60","5228  >  63335 [ACK] Seq=1 Ack=2 Win=65535 Len=0"
"4145","16.994294","52.85.3.64","192.168.100.5","TLSv1.2","93","Application Data"
"4146","16.994294","52.85.3.64","192.168.100.5","TLSv1.2","78","Application Data"
"4147","16.994369","192.168.100.5","52.85.3.64","TCP","54","58036  >  443 [ACK] Seq=2 Ack=64 Win=64531 Len=0"
"4148","16.994582","192.168.100.5","52.85.3.64","TCP","54","58036  >  443 [FIN, ACK] Seq=2 Ack=64 Win=64531 Len=0"
"4149","16.994802","52.85.3.64","192.168.100.5","TCP","60","443  >  58036 [FIN, ACK] Seq=64 Ack=2 Win=65535 Len=0"
"4150","16.994833","192.168.100.5","52.85.3.64","TCP","54","58036  >  443 [ACK] Seq=3 Ack=65 Win=64531 Len=0"
"4151","17.032238","13.35.13.82","192.168.100.5","TLSv1.2","93","Application Data"
"4152","17.032238","13.35.13.82","192.168.100.5","TLSv1.2","78","Application Data"
"4153","17.032319","192.168.100.5","13.35.13.82","TCP","54","58035  >  443 [ACK] Seq=2 Ack=64 Win=64889 Len=0"
"4154","17.032494","13.35.13.82","192.168.100.5","TCP","60","443  >  58035 [FIN, ACK] Seq=64 Ack=2 Win=65535 Len=0"
"4155","17.032540","192.168.100.5","13.35.13.82","TCP","54","58035  >  443 [ACK] Seq=2 Ack=65 Win=64889 Len=0"
"4156","17.032568","192.168.100.5","13.35.13.82","TCP","54","58035  >  443 [FIN, ACK] Seq=2 Ack=65 Win=64889 Len=0"
"4157","17.057251","13.35.13.82","192.168.100.5","TCP","60","443  >  58035 [ACK] Seq=65 Ack=3 Win=65535 Len=0"
"4158","17.156222","52.85.3.64","192.168.100.5","TCP","60","443  >  58036 [ACK] Seq=65 Ack=3 Win=65535 Len=0"
"4159","17.354615","13.33.33.78","192.168.100.5","TLSv1.2","93","Application Data"
"4160","17.354615","13.33.33.78","192.168.100.5","TLSv1.2","78","Application Data"
"4161","17.354707","192.168.100.5","13.33.33.78","TCP","54","58040  >  443 [ACK] Seq=2 Ack=64 Win=63988 Len=0"
"4162","17.354928","13.33.33.78","192.168.100.5","TCP","60","443  >  58040 [FIN, ACK] Seq=64 Ack=2 Win=65535 Len=0"
"4163","17.354986","192.168.100.5","13.33.33.78","TCP","54","58040  >  443 [ACK] Seq=2 Ack=65 Win=63988 Len=0"
"4164","17.355040","192.168.100.5","13.33.33.78","TCP","54","58040  >  443 [FIN, ACK] Seq=2 Ack=65 Win=63988 Len=0"
"4165","17.380138","13.33.33.78","192.168.100.5","TCP","60","443  >  58040 [ACK] Seq=65 Ack=3 Win=65535 Len=0"
"4166","17.622264","13.33.38.178","192.168.100.5","TLSv1.2","93","Application Data"
"4167","17.622264","13.33.38.178","192.168.100.5","TLSv1.2","78","Application Data"
"4168","17.622264","13.33.38.178","192.168.100.5","TCP","60","443  >  58039 [FIN, ACK] Seq=64 Ack=2 Win=65535 Len=0"
"4169","17.622393","192.168.100.5","13.33.38.178","TCP","54","58039  >  443 [ACK] Seq=2 Ack=65 Win=64889 Len=0"
"4170","17.622690","192.168.100.5","13.33.38.178","TCP","54","58039  >  443 [FIN, ACK] Seq=2 Ack=65 Win=64889 Len=0"
"4171","17.647654","13.33.38.178","192.168.100.5","TCP","60","443  >  58039 [ACK] Seq=65 Ack=3 Win=65535 Len=0"
"4172","17.994632","192.168.100.5","162.55.236.224","TCP","55","50435  >  443 [ACK] Seq=1 Ack=1 Win=64952 Len=1 [TCP segment of a reassembled PDU]"
"4173","18.186762","162.55.236.224","192.168.100.5","TCP","60","443  >  50435 [ACK] Seq=1 Ack=2 Win=41777 Len=0"
"4189","19.770746","172.217.194.132","192.168.100.5","TLSv1.2","127","Application Data"
"4190","19.771027","192.168.100.5","172.217.194.132","TCP","54","58063  >  443 [FIN, ACK] Seq=2 Ack=74 Win=64840 Len=0"
"4191","19.798037","172.217.194.132","192.168.100.5","TCP","60","443  >  58063 [FIN, ACK] Seq=74 Ack=3 Win=65535 Len=0"
"4192","19.798089","192.168.100.5","172.217.194.132","TCP","54","58063  >  443 [ACK] Seq=3 Ack=75 Win=64840 Len=0"
"5100","21.817924","162.159.130.234","192.168.100.5","TLSv1.2","186","Application Data"
"5101","22.017771","192.168.100.5","162.159.130.234","TCP","54","58010  >  443 [ACK] Seq=1 Ack=228 Win=254 Len=0"
"5433","23.697877","192.168.100.5","199.244.51.88","TCP","55","50408  >  443 [ACK] Seq=1 Ack=1 Win=64952 Len=1 [TCP segment of a reassembled PDU]"
"5435","23.894682","199.244.51.88","192.168.100.5","TCP","60","443  >  50408 [ACK] Seq=1 Ack=2 Win=41823 Len=0"
"5474","25.257866","192.168.100.5","13.227.254.2","TCP","55","58066  >  443 [ACK] Seq=1 Ack=1 Win=64952 Len=1 [TCP segment of a reassembled PDU]"
"5475","25.282254","13.227.254.2","192.168.100.5","TCP","60","443  >  58066 [ACK] Seq=1 Ack=2 Win=65535 Len=0"
"5476","25.337176","74.125.130.113","192.168.100.5","TLSv1.2","127","Application Data"
"5477","25.337487","192.168.100.5","74.125.130.113","TCP","54","50436  >  443 [FIN, ACK] Seq=2 Ack=74 Win=64952 Len=0"
"5478","25.337883","192.168.100.5","104.17.32.105","TCP","55","58027  >  443 [ACK] Seq=1 Ack=1 Win=254 Len=1 [TCP segment of a reassembled PDU]"
"5479","25.351420","104.17.32.105","192.168.100.5","TCP","66","443  >  58027 [ACK] Seq=1 Ack=2 Win=137 Len=0 SLE=1 SRE=2"
"5480","25.362894","74.125.130.113","192.168.100.5","TCP","60","443  >  50436 [FIN, ACK] Seq=74 Ack=3 Win=65535 Len=0"
"5481","25.362960","192.168.100.5","74.125.130.113","TCP","54","50436  >  443 [ACK] Seq=3 Ack=75 Win=64952 Len=0"
"5484","27.898474","192.168.100.5","162.159.130.234","TLSv1.2","108","Application Data"
"5485","27.911676","162.159.130.234","192.168.100.5","TCP","60","443  >  58010 [ACK] Seq=228 Ack=55 Win=72 Len=0"
"5487","28.150900","162.159.130.234","192.168.100.5","TLSv1.2","87","Application Data"
"5512","28.358016","192.168.100.5","162.159.130.234","TCP","54","58010  >  443 [ACK] Seq=55 Ack=261 Win=254 Len=0"
"6788","29.688018","192.168.100.5","69.173.158.65","TCP","55","58047  >  443 [ACK] Seq=1 Ack=1 Win=64952 Len=1 [TCP segment of a reassembled PDU]"
"6789","29.713043","69.173.158.65","192.168.100.5","TCP","60","443  >  58047 [ACK] Seq=1 Ack=2 Win=65535 Len=0"
"6797","31.684163","192.168.100.5","13.33.33.77","TCP","55","64872  >  443 [ACK] Seq=1 Ack=1 Win=64921 Len=1 [TCP segment of a reassembled PDU]"
"6798","31.708136","13.33.33.77","192.168.100.5","TCP","60","443  >  64872 [ACK] Seq=1 Ack=2 Win=65535 Len=0"
"6799","31.838189","192.168.100.5","13.33.30.116","TCP","55","64894  >  443 [ACK] Seq=1 Ack=1 Win=64952 Len=1 [TCP segment of a reassembled PDU]"
"6800","31.862251","13.33.30.116","192.168.100.5","TCP","60","443  >  64894 [ACK] Seq=1 Ack=2 Win=65535 Len=0"
"6801","32.008212","192.168.100.5","13.35.13.113","TCP","55","64892  >  443 [ACK] Seq=1 Ack=1 Win=63758 Len=1 [TCP segment of a reassembled PDU]"
"6802","32.032815","13.35.13.113","192.168.100.5","TCP","60","443  >  64892 [ACK] Seq=1 Ack=2 Win=65535 Len=0"
"7262","33.724302","192.168.100.5","13.225.5.113","TCP","55","64881  >  443 [ACK] Seq=1 Ack=1 Win=64514 Len=1 [TCP segment of a reassembled PDU]"
"7263","33.749472","13.225.5.113","192.168.100.5","TCP","60","443  >  64881 [ACK] Seq=1 Ack=2 Win=65535 Len=0"
"7294","42.388597","192.168.100.5","69.173.158.65","TCP","55","58044  >  443 [ACK] Seq=1 Ack=1 Win=63795 Len=1 [TCP segment of a reassembled PDU]"
"7295","42.411724","69.173.158.65","192.168.100.5","TCP","60","443  >  58044 [ACK] Seq=1 Ack=2 Win=61440 Len=0"
"7299","45.009673","192.168.100.5","104.18.8.39","TCP","55","[TCP Keep-Alive] 58031  >  443 [ACK] Seq=1 Ack=1 Win=257 Len=1"
"7300","45.018696","192.168.100.5","104.18.8.39","TCP","55","[TCP Keep-Alive] 58032  >  443 [ACK] Seq=1 Ack=1 Win=257 Len=1"
"7301","45.023416","104.18.8.39","192.168.100.5","TCP","66","[TCP Keep-Alive ACK] 443  >  58031 [ACK] Seq=1 Ack=2 Win=70 Len=0 SLE=1 SRE=2"
"7302","45.031186","104.18.8.39","192.168.100.5","TCP","66","[TCP Keep-Alive ACK] 443  >  58032 [ACK] Seq=1 Ack=2 Win=70 Len=0 SLE=1 SRE=2"
"7303","45.168701","192.168.100.5","104.18.8.39","TCP","55","[TCP Keep-Alive] 58030  >  443 [ACK] Seq=1 Ack=1 Win=257 Len=1"
"7304","45.182090","104.18.8.39","192.168.100.5","TCP","66","[TCP Keep-Alive ACK] 443  >  58030 [ACK] Seq=1 Ack=2 Win=70 Len=0 SLE=1 SRE=2"
"8622","46.458767","192.168.100.5","104.17.32.105","TCP","55","[TCP Keep-Alive] 58034  >  443 [ACK] Seq=1 Ack=1 Win=257 Len=1"
"8623","46.480990","104.17.32.105","192.168.100.5","TCP","66","[TCP Keep-Alive ACK] 443  >  58034 [ACK] Seq=1 Ack=2 Win=70 Len=0 SLE=1 SRE=2"
"8624","46.974753","192.168.100.5","23.200.176.48","TCP","55","[TCP Keep-Alive] 58067  >  443 [ACK] Seq=1 Ack=1 Win=63800 Len=1"
"8627","46.988098","23.200.176.48","192.168.100.5","TCP","66","[TCP Keep-Alive ACK] 443  >  58067 [ACK] Seq=1 Ack=2 Win=63828 Len=0 SLE=1 SRE=2"
"9085","47.928795","192.168.100.5","52.84.45.62","TCP","55","[TCP Keep-Alive] 64874  >  443 [ACK] Seq=1 Ack=1 Win=64520 Len=1"
"9086","48.100140","52.84.45.62","192.168.100.5","TCP","60","[TCP Keep-Alive ACK] 443  >  64874 [ACK] Seq=1 Ack=2 Win=65535 Len=0"
"9087","48.129802","192.168.100.5","104.26.9.169","TCP","55","[TCP Keep-Alive] 58041  >  443 [ACK] Seq=1 Ack=1 Win=64952 Len=1"
"9088","48.154035","104.26.9.169","192.168.100.5","TCP","60","[TCP Keep-Alive ACK] 443  >  58041 [ACK] Seq=1 Ack=2 Win=65535 Len=0"
"9089","48.188795","192.168.100.5","142.251.10.121","TCP","55","[TCP Keep-Alive] 58023  >  443 [ACK] Seq=1154 Ack=122 Win=64459 Len=1"
"9090","48.219079","142.251.10.121","192.168.100.5","TCP","60","[TCP Keep-Alive ACK] 443  >  58023 [ACK] Seq=122 Ack=1155 Win=65535 Len=0"
"9091","48.789814","192.168.100.5","104.26.9.169","TCP","55","[TCP Keep-Alive] 58059  >  443 [ACK] Seq=1 Ack=1 Win=64952 Len=1"
"9093","48.815724","104.26.9.169","192.168.100.5","TCP","60","[TCP Keep-Alive ACK] 443  >  58059 [ACK] Seq=1 Ack=2 Win=65535 Len=0"
"9095","49.473176","162.159.130.234","192.168.100.5","TLSv1.2","289","Application Data"
"9096","49.672929","192.168.100.5","162.159.130.234","TCP","54","58010  >  443 [ACK] Seq=55 Ack=496 Win=253 Len=0"
"9098","50.140647","162.159.130.234","192.168.100.5","TLSv1.2","394","Application Data"
"9100","50.342960","192.168.100.5","162.159.130.234","TCP","54","58010  >  443 [ACK] Seq=55 Ack=836 Win=252 Len=0"
"9101","51.324943","192.168.100.5","23.40.36.215","TCP","55","[TCP Keep-Alive] 58069  >  443 [ACK] Seq=1 Ack=1 Win=64952 Len=1"
"9102","51.350999","23.40.36.215","192.168.100.5","TCP","60","[TCP Keep-Alive ACK] 443  >  58069 [ACK] Seq=1 Ack=2 Win=63784 Len=0"
"9103","51.442958","192.168.100.5","104.84.156.239","TCP","55","[TCP Keep-Alive] 58070  >  443 [ACK] Seq=1 Ack=1 Win=63959 Len=1"
"9104","51.466171","104.84.156.239","192.168.100.5","TCP","60","[TCP Keep-Alive ACK] 443  >  58070 [ACK] Seq=1 Ack=2 Win=63765 Len=0"
"9105","51.520358","162.159.130.234","192.168.100.5","TLSv1.2","173","Application Data"
"9106","51.719918","192.168.100.5","162.159.130.234","TCP","54","58010  >  443 [ACK] Seq=55 Ack=955 Win=257 Len=0"
"9107","51.999927","192.168.100.5","69.173.158.64","TCP","55","[TCP Keep-Alive] 58073  >  443 [ACK] Seq=1 Ack=1 Win=64328 Len=1"
"9108","51.999927","192.168.100.5","69.173.158.64","TCP","55","[TCP Keep-Alive] 58072  >  443 [ACK] Seq=1 Ack=1 Win=63779 Len=1"
"9109","52.009869","192.168.100.5","69.173.158.64","TCP","55","[TCP Keep-Alive] 58071  >  443 [ACK] Seq=1 Ack=1 Win=64248 Len=1"
"9110","52.009869","192.168.100.5","69.173.158.65","TCP","55","[TCP Keep-Alive] 58046  >  443 [ACK] Seq=1 Ack=1 Win=63752 Len=1"
"9111","52.009869","192.168.100.5","69.173.158.64","TCP","55","[TCP Keep-Alive] 58068  >  443 [ACK] Seq=1 Ack=1 Win=64040 Len=1"
"9112","52.023671","69.173.158.64","192.168.100.5","TCP","60","[TCP Keep-Alive ACK] 443  >  58073 [ACK] Seq=1 Ack=2 Win=28160 Len=0"
"9113","52.023850","69.173.158.64","192.168.100.5","TCP","60","[TCP Keep-Alive ACK] 443  >  58072 [ACK] Seq=1 Ack=2 Win=28160 Len=0"
"9114","52.034513","69.173.158.65","192.168.100.5","TCP","60","[TCP Keep-Alive ACK] 443  >  58046 [ACK] Seq=1 Ack=2 Win=38400 Len=0"
"9115","52.034513","69.173.158.64","192.168.100.5","TCP","60","[TCP Keep-Alive ACK] 443  >  58068 [ACK] Seq=1 Ack=2 Win=28160 Len=0"
"9116","52.034513","69.173.158.64","192.168.100.5","TCP","60","[TCP Keep-Alive ACK] 443  >  58071 [ACK] Seq=1 Ack=2 Win=28160 Len=0"
"9117","52.039896","192.168.100.5","69.173.158.65","TCP","55","[TCP Keep-Alive] 58043  >  443 [ACK] Seq=1 Ack=1 Win=63736 Len=1"
"9118","52.064179","69.173.158.65","192.168.100.5","TCP","60","[TCP Keep-Alive ACK] 443  >  58043 [ACK] Seq=1 Ack=2 Win=40960 Len=0"
"9119","52.329988","192.168.100.5","67.202.105.34","TCP","55","[TCP Keep-Alive] 58064  >  443 [ACK] Seq=1 Ack=1 Win=64952 Len=1"
"9120","52.359965","192.168.100.5","67.202.105.24","TCP","55","[TCP Keep-Alive] 58062  >  443 [ACK] Seq=1 Ack=1 Win=63643 Len=1"
"9121","52.557636","67.202.105.34","192.168.100.5","TCP","60","[TCP Keep-Alive ACK] 443  >  58064 [ACK] Seq=1 Ack=2 Win=31616 Len=0"
"9122","52.587559","67.202.105.24","192.168.100.5","TCP","60","[TCP Keep-Alive ACK] 443  >  58062 [ACK] Seq=1 Ack=2 Win=32232 Len=0"
"9123","52.884980","192.168.100.5","69.173.158.64","TCP","55","[TCP Keep-Alive] 50415  >  443 [ACK] Seq=1 Ack=1 Win=64952 Len=1"
"9124","52.899969","192.168.100.5","35.71.178.8","TCP","55","[TCP Keep-Alive] 50413  >  443 [ACK] Seq=1 Ack=1 Win=64115 Len=1"
"9125","52.911669","69.173.158.64","192.168.100.5","TCP","60","[TCP Keep-Alive ACK] 443  >  50415 [ACK] Seq=1 Ack=2 Win=28160 Len=0"
"9126","52.929186","35.71.178.8","192.168.100.5","TCP","60","[TCP Keep-Alive ACK] 443  >  50413 [ACK] Seq=1 Ack=2 Win=65535 Len=0"
"9128","53.090013","192.168.100.5","103.231.98.194","TCP","55","[TCP Keep-Alive] 50418  >  443 [ACK] Seq=1 Ack=1 Win=64128 Len=1"
"9129","53.115845","103.231.98.194","192.168.100.5","TCP","60","[TCP Keep-Alive ACK] 443  >  50418 [ACK] Seq=1 Ack=2 Win=16066 Len=0"
"9131","53.250006","192.168.100.5","34.98.64.218","TCP","55","[TCP Keep-Alive] 58056  >  443 [ACK] Seq=1 Ack=1 Win=259 Len=1"
"9132","53.264099","34.98.64.218","192.168.100.5","TCP","66","[TCP Keep-Alive ACK] 443  >  58056 [ACK] Seq=1 Ack=2 Win=280 Len=0 SLE=1 SRE=2"
"9133","53.269986","192.168.100.5","130.211.16.136","TCP","55","[TCP Keep-Alive] 50419  >  443 [ACK] Seq=1 Ack=1 Win=259 Len=1"
"9134","53.282868","130.211.16.136","192.168.100.5","TCP","66","[TCP Keep-Alive ACK] 443  >  50419 [ACK] Seq=1 Ack=2 Win=265 Len=0 SLE=1 SRE=2"
"9135","53.589976","192.168.100.5","103.229.206.241","TCP","55","[TCP Keep-Alive] 50421  >  443 [ACK] Seq=1 Ack=1 Win=64952 Len=1"
"9136","53.646834","103.229.206.241","192.168.100.5","TCP","60","[TCP Keep-Alive ACK] 443  >  50421 [ACK] Seq=1 Ack=2 Win=63981 Len=0"
"9137","54.160063","192.168.100.5","23.88.75.189","TCP","55","[TCP Keep-Alive] 50412  >  443 [ACK] Seq=1 Ack=1 Win=63948 Len=1"
"9138","54.348864","23.88.75.189","192.168.100.5","TCP","60","[TCP Keep-Alive ACK] 443  >  50412 [ACK] Seq=1 Ack=2 Win=64032 Len=0"
"9159","59.698613","162.159.130.234","192.168.100.5","TLSv1.2","202","Application Data"
"9160","59.825830","162.159.130.234","192.168.100.5","TLSv1.2","320","Application Data"
"9161","59.825925","192.168.100.5","162.159.130.234","TCP","54","58010  >  443 [ACK] Seq=55 Ack=1369 Win=255 Len=0"
"9162","60.150220","192.168.100.5","172.217.194.95","TCP","55","[TCP Keep-Alive] 58026  >  443 [ACK] Seq=0 Ack=131 Win=64003 Len=1"
"9163","60.174656","172.217.194.95","192.168.100.5","TCP","60","443  >  58026 [RST] Seq=131 Win=0 Len=0"
"9164","60.945272","192.168.100.5","103.231.98.193","TCP","55","[TCP Keep-Alive] 58049  >  443 [ACK] Seq=1 Ack=1 Win=64722 Len=1"
"9165","60.969160","103.231.98.193","192.168.100.5","TCP","60","[TCP Keep-Alive ACK] 443  >  58049 [ACK] Seq=1 Ack=2 Win=31723 Len=0"
"9166","61.085236","192.168.100.5","69.173.158.65","TCP","55","[TCP Keep-Alive] 58045  >  443 [ACK] Seq=1 Ack=1 Win=64952 Len=1"
"9167","61.108526","69.173.158.65","192.168.100.5","TCP","60","[TCP Keep-Alive ACK] 443  >  58045 [ACK] Seq=1 Ack=2 Win=65535 Len=0"
"9168","61.175307","192.168.100.5","13.33.38.178","TCP","55","[TCP Keep-Alive] 58038  >  443 [ACK] Seq=1 Ack=1 Win=63782 Len=1"
"9169","61.199588","13.33.38.178","192.168.100.5","TCP","60","[TCP Keep-Alive ACK] 443  >  58038 [ACK] Seq=1 Ack=2 Win=65535 Len=0"
"9170","61.205292","192.168.100.5","104.18.2.114","TCP","55","[TCP Keep-Alive] 58054  >  443 [ACK] Seq=1 Ack=1 Win=257 Len=1"
"9171","61.223225","104.18.2.114","192.168.100.5","TCP","66","[TCP Keep-Alive ACK] 443  >  58054 [ACK] Seq=1 Ack=2 Win=133 Len=0 SLE=1 SRE=2"
"9172","61.265286","192.168.100.5","74.125.200.188","TCP","55","[TCP Keep-Alive] 63335  >  5228 [ACK] Seq=1 Ack=1 Win=64926 Len=1"
"9173","61.290628","74.125.200.188","192.168.100.5","TCP","60","[TCP Keep-Alive ACK] 5228  >  63335 [ACK] Seq=1 Ack=2 Win=65535 Len=0"
"10405","62.049949","52.84.45.62","192.168.100.5","TLSv1.2","93","Application Data"
"10406","62.049949","52.84.45.62","192.168.100.5","TLSv1.2","78","Application Data"
"10407","62.049949","52.84.45.62","192.168.100.5","TCP","60","443  >  64874 [FIN, ACK] Seq=64 Ack=2 Win=65535 Len=0"
"10408","62.050058","192.168.100.5","52.84.45.62","TCP","54","64874  >  443 [ACK] Seq=2 Ack=65 Win=64457 Len=0"
"10409","62.050467","192.168.100.5","52.84.45.62","TCP","54","64874  >  443 [FIN, ACK] Seq=2 Ack=65 Win=64457 Len=0"
"10410","62.221973","52.84.45.62","192.168.100.5","TCP","60","443  >  64874 [ACK] Seq=65 Ack=3 Win=65535 Len=0"
"10411","62.362730","162.55.236.224","192.168.100.5","TLSv1.2","100","Application Data"
"10412","62.362730","162.55.236.224","192.168.100.5","TLSv1.2","85","Encrypted Alert"
"10413","62.362730","162.55.236.224","192.168.100.5","TCP","60","443  >  50435 [FIN, ACK] Seq=78 Ack=2 Win=41777 Len=0"
"10414","62.362896","192.168.100.5","162.55.236.224","TCP","54","50435  >  443 [ACK] Seq=2 Ack=79 Win=64875 Len=0"
"10415","62.363137","192.168.100.5","162.55.236.224","TCP","54","50435  >  443 [FIN, ACK] Seq=2 Ack=79 Win=64875 Len=0"
"10416","62.556357","162.55.236.224","192.168.100.5","TCP","60","443  >  50435 [ACK] Seq=79 Ack=3 Win=41777 Len=0"
"10875","64.709425","162.159.130.234","192.168.100.5","TLSv1.2","146","Application Data"
"10876","64.909377","192.168.100.5","162.159.130.234","TCP","54","58010  >  443 [ACK] Seq=55 Ack=1461 Win=255 Len=0"
"10878","67.488815","199.244.51.88","192.168.100.5","TLSv1.2","92","Application Data"
"10879","67.489048","199.244.51.88","192.168.100.5","TLSv1.2","77","Encrypted Alert"
"10880","67.489138","192.168.100.5","199.244.51.88","TCP","54","50408  >  443 [ACK] Seq=2 Ack=63 Win=64891 Len=0"
"10881","67.489521","192.168.100.5","199.244.51.88","TCP","54","50408  >  443 [FIN, ACK] Seq=2 Ack=63 Win=64891 Len=0"
"10882","67.685141","199.244.51.88","192.168.100.5","TCP","60","443  >  50408 [ACK] Seq=63 Ack=3 Win=41823 Len=0"
"10883","68.719090","162.159.130.234","192.168.100.5","TLSv1.2","266","Application Data"
"10884","68.918543","192.168.100.5","162.159.130.234","TCP","54","58010  >  443 [ACK] Seq=55 Ack=1673 Win=254 Len=0"
"10885","69.148114","192.168.100.5","162.159.130.234","TLSv1.2","108","Application Data"
"10886","69.162346","162.159.130.234","192.168.100.5","TCP","60","443  >  58010 [ACK] Seq=1673 Ack=109 Win=72 Len=0"
"10887","69.397089","162.159.130.234","192.168.100.5","TLSv1.2","87","Application Data"
"10888","69.597567","192.168.100.5","162.159.130.234","TCP","54","58010  >  443 [ACK] Seq=109 Ack=1706 Win=254 Len=0"
"10889","70.286618","192.168.100.5","13.227.254.2","TCP","55","[TCP Keep-Alive] 58066  >  443 [ACK] Seq=1 Ack=1 Win=64952 Len=1"
"10890","70.310670","13.227.254.2","192.168.100.5","TCP","60","[TCP Keep-Alive ACK] 443  >  58066 [ACK] Seq=1 Ack=2 Win=65535 Len=0"
"10891","70.356600","192.168.100.5","104.17.32.105","TCP","55","[TCP Keep-Alive] 58027  >  443 [ACK] Seq=1 Ack=1 Win=254 Len=1"
"10892","70.370804","104.17.32.105","192.168.100.5","TCP","66","[TCP Keep-Alive ACK] 443  >  58027 [ACK] Seq=1 Ack=2 Win=137 Len=0 SLE=1 SRE=2"
"10898","71.386117","192.168.100.5","142.251.10.121","TLSv1.2","118","Application Data"
"10899","71.386204","192.168.100.5","142.251.10.121","TLSv1.2","93","Application Data"
"10900","71.386254","192.168.100.5","142.251.10.121","TLSv1.2","122","Application Data"
"10901","71.386301","192.168.100.5","142.251.10.121","TLSv1.2","939","Application Data"
"10902","71.386341","192.168.100.5","142.251.10.121","TLSv1.2","820","Application Data"
"10903","71.386447","192.168.100.5","142.251.10.121","TLSv1.2","122","Application Data"
"10904","71.386921","192.168.100.5","142.251.10.121","TLSv1.2","724","Application Data"
"10906","71.411699","142.251.10.121","192.168.100.5","TCP","60","443  >  58023 [ACK] Seq=122 Ack=1219 Win=65535 Len=0"
"10907","71.411978","142.251.10.121","192.168.100.5","TCP","60","443  >  58023 [ACK] Seq=122 Ack=1258 Win=65535 Len=0"
"10908","71.412652","142.251.10.121","192.168.100.5","TCP","60","443  >  58023 [ACK] Seq=122 Ack=1326 Win=65535 Len=0"
"10909","71.412975","142.251.10.121","192.168.100.5","TCP","60","443  >  58023 [ACK] Seq=122 Ack=2211 Win=65535 Len=0"
"10910","71.412975","142.251.10.121","192.168.100.5","TCP","60","443  >  58023 [ACK] Seq=122 Ack=2977 Win=65535 Len=0"
"10911","71.413122","142.251.10.121","192.168.100.5","TCP","60","443  >  58023 [ACK] Seq=122 Ack=3045 Win=65535 Len=0"
"10912","71.413279","142.251.10.121","192.168.100.5","TCP","60","443  >  58023 [ACK] Seq=122 Ack=3715 Win=65535 Len=0"
"10914","71.414574","142.251.10.121","192.168.100.5","TLSv1.2","93","Application Data"
"10915","71.610081","142.251.10.121","192.168.100.5","TLSv1.2","136","Application Data"
"10916","71.610166","192.168.100.5","142.251.10.121","TCP","54","58023  >  443 [ACK] Seq=3715 Ack=243 Win=64338 Len=0"
"10917","71.611375","192.168.100.5","142.251.10.121","TLSv1.2","93","Application Data"
"10918","71.611474","192.168.100.5","142.251.10.121","TLSv1.2","89","Application Data"
"10919","71.615248","142.251.10.121","192.168.100.5","TLSv1.2","119","Application Data"
"10920","71.615248","142.251.10.121","192.168.100.5","TLSv1.2","119","Application Data"
"10921","71.615298","192.168.100.5","142.251.10.121","TCP","54","58023  >  443 [ACK] Seq=3789 Ack=373 Win=64208 Len=0"
"10922","71.616832","192.168.100.5","142.251.10.121","TLSv1.2","89","Application Data"
"10923","71.616926","192.168.100.5","142.251.10.121","TLSv1.2","89","Application Data"
"10924","71.637917","142.251.10.121","192.168.100.5","TCP","60","443  >  58023 [ACK] Seq=373 Ack=3789 Win=65535 Len=0"
"10925","71.642658","142.251.10.121","192.168.100.5","TCP","60","443  >  58023 [ACK] Seq=373 Ack=3859 Win=65535 Len=0"
"10926","73.341796","162.159.130.234","192.168.100.5","TLSv1.2","165","Application Data"
"10927","73.541701","192.168.100.5","162.159.130.234","TCP","54","58010  >  443 [ACK] Seq=109 Ack=1817 Win=253 Len=0"
"10928","74.711758","192.168.100.5","69.173.158.65","TCP","55","[TCP Keep-Alive] 58047  >  443 [ACK] Seq=1 Ack=1 Win=64952 Len=1"
"10929","74.743205","69.173.158.65","192.168.100.5","TCP","60","[TCP Keep-Alive ACK] 443  >  58047 [ACK] Seq=1 Ack=2 Win=65535 Len=0"
"10932","76.705880","192.168.100.5","13.33.33.77","TCP","55","[TCP Keep-Alive] 64872  >  443 [ACK] Seq=1 Ack=1 Win=64921 Len=1"
"10933","76.729891","13.33.33.77","192.168.100.5","TCP","60","[TCP Keep-Alive ACK] 443  >  64872 [ACK] Seq=1 Ack=2 Win=65535 Len=0"
"10934","76.861903","192.168.100.5","13.33.30.116","TCP","55","[TCP Keep-Alive] 64894  >  443 [ACK] Seq=1 Ack=1 Win=64952 Len=1"
"10935","76.889871","13.33.30.116","192.168.100.5","TCP","60","[TCP Keep-Alive ACK] 443  >  64894 [ACK] Seq=1 Ack=2 Win=65535 Len=0"
"11344","77.031767","192.168.100.5","13.35.13.113","TCP","55","[TCP Keep-Alive] 64892  >  443 [ACK] Seq=1 Ack=1 Win=63758 Len=1"
"12253","77.125729","13.35.13.113","192.168.100.5","TCP","60","[TCP Keep-Alive ACK] 443  >  64892 [ACK] Seq=1 Ack=2 Win=65535 Len=0"
"12707","78.755943","192.168.100.5","13.225.5.113","TCP","55","[TCP Keep-Alive] 64881  >  443 [ACK] Seq=1 Ack=1 Win=64514 Len=1"
"12708","78.781318","13.225.5.113","192.168.100.5","TCP","60","[TCP Keep-Alive ACK] 443  >  64881 [ACK] Seq=1 Ack=2 Win=65535 Len=0"
"12736","80.153196","162.159.130.234","192.168.100.5","TLSv1.2","187","Application Data"
"12737","80.351959","192.168.100.5","162.159.130.234","TCP","54","58010  >  443 [ACK] Seq=109 Ack=1950 Win=253 Len=0"
"12738","81.027528","67.202.105.34","192.168.100.5","TLSv1.2","93","Application Data"
"12739","81.027528","67.202.105.34","192.168.100.5","TCP","60","443  >  58064 [FIN, ACK] Seq=40 Ack=2 Win=31616 Len=0"
"12740","81.027627","192.168.100.5","67.202.105.34","TCP","54","58064  >  443 [ACK] Seq=2 Ack=41 Win=64913 Len=0"
"12741","81.027972","192.168.100.5","67.202.105.34","TCP","54","58064  >  443 [FIN, ACK] Seq=2 Ack=41 Win=64913 Len=0"
"12742","81.107155","67.202.105.24","192.168.100.5","TLSv1.2","93","Application Data"
"12743","81.107155","67.202.105.24","192.168.100.5","TCP","60","443  >  58062 [FIN, ACK] Seq=40 Ack=2 Win=32232 Len=0"
"12744","81.107292","192.168.100.5","67.202.105.24","TCP","54","58062  >  443 [ACK] Seq=2 Ack=41 Win=63604 Len=0"
"12745","81.108346","192.168.100.5","67.202.105.24","TCP","54","58062  >  443 [FIN, ACK] Seq=2 Ack=41 Win=63604 Len=0"
"12746","81.256192","67.202.105.34","192.168.100.5","TCP","60","443  >  58064 [ACK] Seq=41 Ack=3 Win=31616 Len=0"
"12747","81.430308","67.202.105.24","192.168.100.5","TCP","60","443  >  58062 [ACK] Seq=41 Ack=3 Win=32232 Len=0"
"12765","82.986872","103.231.98.194","192.168.100.5","TLSv1.2","100","Application Data"
"12766","82.986872","103.231.98.194","192.168.100.5","TCP","60","443  >  50418 [FIN, ACK] Seq=47 Ack=2 Win=16066 Len=0"
"12767","82.986981","192.168.100.5","103.231.98.194","TCP","54","50418  >  443 [ACK] Seq=2 Ack=48 Win=64082 Len=0"
"12768","82.987729","192.168.100.5","103.231.98.194","TCP","54","50418  >  443 [FIN, ACK] Seq=2 Ack=48 Win=64082 Len=0"
"12769","83.011590","103.231.98.194","192.168.100.5","TCP","60","443  >  50418 [ACK] Seq=48 Ack=3 Win=16066 Len=0"
"12770","84.597975","35.71.178.8","192.168.100.5","TLSv1.2","131","Application Data, Encrypted Alert"
"12771","84.598188","35.71.178.8","192.168.100.5","TCP","60","443  >  50413 [FIN, ACK] Seq=78 Ack=2 Win=65535 Len=0"
"12772","84.598238","192.168.100.5","35.71.178.8","TCP","54","50413  >  443 [ACK] Seq=2 Ack=79 Win=64038 Len=0"
"12773","84.598607","192.168.100.5","35.71.178.8","TCP","54","50413  >  443 [FIN, ACK] Seq=2 Ack=79 Win=64038 Len=0"
"12774","84.622704","35.71.178.8","192.168.100.5","TCP","60","443  >  50413 [ACK] Seq=79 Ack=3 Win=65535 Len=0"
"12796","87.418227","192.168.100.5","69.173.158.65","TCP","55","[TCP Keep-Alive] 58044  >  443 [ACK] Seq=1 Ack=1 Win=63795 Len=1"
"12797","87.441153","69.173.158.65","192.168.100.5","TCP","60","[TCP Keep-Alive ACK] 443  >  58044 [ACK] Seq=1 Ack=2 Win=61440 Len=0"
"12798","87.505253","162.159.130.234","192.168.100.5","TLSv1.2","179","Application Data"
"12799","87.705223","192.168.100.5","162.159.130.234","TCP","54","58010  >  443 [ACK] Seq=109 Ack=2075 Win=252 Len=0"
"12833","90.027285","192.168.100.5","104.18.8.39","TCP","55","[TCP Keep-Alive] 58031  >  443 [ACK] Seq=1 Ack=1 Win=257 Len=1"
"12834","90.035314","192.168.100.5","104.18.8.39","TCP","55","[TCP Keep-Alive] 58032  >  443 [ACK] Seq=1 Ack=1 Win=257 Len=1"
"12835","90.040760","104.18.8.39","192.168.100.5","TCP","66","[TCP Keep-Alive ACK] 443  >  58031 [ACK] Seq=1 Ack=2 Win=70 Len=0 SLE=1 SRE=2"
"12836","90.047692","104.18.8.39","192.168.100.5","TCP","66","[TCP Keep-Alive ACK] 443  >  58032 [ACK] Seq=1 Ack=2 Win=70 Len=0 SLE=1 SRE=2"
"12837","90.185299","192.168.100.5","104.18.8.39","TCP","55","[TCP Keep-Alive] 58030  >  443 [ACK] Seq=1 Ack=1 Win=257 Len=1"
"12838","90.201584","104.18.8.39","192.168.100.5","TCP","66","[TCP Keep-Alive ACK] 443  >  58030 [ACK] Seq=1 Ack=2 Win=70 Len=0 SLE=1 SRE=2"
"12845","91.485369","192.168.100.5","104.17.32.105","TCP","55","[TCP Keep-Alive] 58034  >  443 [ACK] Seq=1 Ack=1 Win=257 Len=1"
"12846","91.498803","104.17.32.105","192.168.100.5","TCP","66","[TCP Keep-Alive ACK] 443  >  58034 [ACK] Seq=1 Ack=2 Win=70 Len=0 SLE=1 SRE=2"
"12847","91.537765","13.33.33.77","192.168.100.5","TLSv1.2","93","Application Data"
"12848","91.537765","13.33.33.77","192.168.100.5","TLSv1.2","78","Application Data"
"12849","91.537869","192.168.100.5","13.33.33.77","TCP","54","64872  >  443 [ACK] Seq=2 Ack=64 Win=64858 Len=0"
"12850","91.538094","13.33.33.77","192.168.100.5","TCP","60","443  >  64872 [FIN, ACK] Seq=64 Ack=2 Win=65535 Len=0"
"12851","91.538155","192.168.100.5","13.33.33.77","TCP","54","64872  >  443 [ACK] Seq=2 Ack=65 Win=64858 Len=0"
"12852","91.538236","192.168.100.5","13.33.33.77","TCP","54","64872  >  443 [FIN, ACK] Seq=2 Ack=65 Win=64858 Len=0"
"12853","91.563841","13.33.33.77","192.168.100.5","TCP","60","443  >  64872 [ACK] Seq=65 Ack=3 Win=65535 Len=0"
"12854","91.639149","13.33.30.116","192.168.100.5","TLSv1.2","93","Application Data"
"12855","91.639149","13.33.30.116","192.168.100.5","TLSv1.2","78","Application Data"
"12856","91.639149","13.33.30.116","192.168.100.5","TCP","60","443  >  64894 [FIN, ACK] Seq=64 Ack=2 Win=65535 Len=0"
"12857","91.639255","192.168.100.5","13.33.30.116","TCP","54","64894  >  443 [ACK] Seq=2 Ack=65 Win=64889 Len=0"
"12858","91.639545","192.168.100.5","13.33.30.116","TCP","54","64894  >  443 [FIN, ACK] Seq=2 Ack=65 Win=64889 Len=0"
"12859","91.663658","13.33.30.116","192.168.100.5","TCP","60","443  >  64894 [ACK] Seq=65 Ack=3 Win=65535 Len=0"
"12861","91.844994","13.35.13.113","192.168.100.5","TLSv1.2","78","[TCP Previous segment not captured] , Application Data"
"12862","91.844994","13.35.13.113","192.168.100.5","TCP","93","[TCP Out-Of-Order] 443  >  64892 [PSH, ACK] Seq=1 Ack=2 Win=65535 Len=39"
"12863","91.844994","13.35.13.113","192.168.100.5","TCP","60","443  >  64892 [FIN, ACK] Seq=64 Ack=2 Win=65535 Len=0"
"12864","91.845084","192.168.100.5","13.35.13.113","TCP","54","[TCP Dup ACK 6801#1] 64892  >  443 [ACK] Seq=2 Ack=1 Win=63758 Len=0"
"12865","91.845201","192.168.100.5","13.35.13.113","TCP","54","64892  >  443 [ACK] Seq=2 Ack=64 Win=63695 Len=0"
"12866","91.845258","192.168.100.5","13.35.13.113","TCP","54","64892  >  443 [ACK] Seq=2 Ack=65 Win=63695 Len=0"
"12867","91.845583","192.168.100.5","13.35.13.113","TCP","54","64892  >  443 [FIN, ACK] Seq=2 Ack=65 Win=63695 Len=0"
"12869","91.870183","13.35.13.113","192.168.100.5","TCP","60","443  >  64892 [ACK] Seq=65 Ack=3 Win=65535 Len=0"
"12871","91.987409","192.168.100.5","23.200.176.48","TCP","55","[TCP Keep-Alive] 58067  >  443 [ACK] Seq=1 Ack=1 Win=63800 Len=1"
"12872","91.999649","23.200.176.48","192.168.100.5","TCP","66","[TCP Keep-Alive ACK] 443  >  58067 [ACK] Seq=1 Ack=2 Win=63828 Len=0 SLE=1 SRE=2"
"13333","93.157434","192.168.100.5","104.26.9.169","TCP","55","[TCP Keep-Alive] 58041  >  443 [ACK] Seq=1 Ack=1 Win=64952 Len=1"
"13334","93.181280","104.26.9.169","192.168.100.5","TCP","60","[TCP Keep-Alive ACK] 443  >  58041 [ACK] Seq=1 Ack=2 Win=65535 Len=0"
"14265","93.596905","13.225.5.113","192.168.100.5","TCP","60","[TCP Previous segment not captured] 443  >  64881 [FIN, ACK] Seq=64 Ack=2 Win=65535 Len=0"
"14270","93.596905","13.225.5.113","192.168.100.5","TCP","78","[TCP Out-Of-Order] 443  >  64881 [PSH, ACK] Seq=40 Ack=2 Win=65535 Len=24"
"14271","93.596905","13.225.5.113","192.168.100.5","TCP","93","[TCP Out-Of-Order] 443  >  64881 [PSH, ACK] Seq=1 Ack=2 Win=65535 Len=39"
"14280","93.597061","192.168.100.5","13.225.5.113","TCP","54","[TCP Dup ACK 7262#1] 64881  >  443 [ACK] Seq=2 Ack=1 Win=64514 Len=0"
"14281","93.597123","192.168.100.5","13.225.5.113","TCP","54","[TCP Dup ACK 7262#2] 64881  >  443 [ACK] Seq=2 Ack=1 Win=64514 Len=0"
"14282","93.597168","192.168.100.5","13.225.5.113","TCP","54","64881  >  443 [ACK] Seq=2 Ack=65 Win=64451 Len=0"
"14285","93.597979","192.168.100.5","13.225.5.113","TCP","54","64881  >  443 [FIN, ACK] Seq=2 Ack=65 Win=64451 Len=0"
"14645","93.644114","13.225.5.113","192.168.100.5","TCP","60","443  >  64881 [ACK] Seq=65 Ack=3 Win=65535 Len=0"
"14651","93.817462","192.168.100.5","104.26.9.169","TCP","55","[TCP Keep-Alive] 58059  >  443 [ACK] Seq=1 Ack=1 Win=64952 Len=1"
"14652","93.842955","104.26.9.169","192.168.100.5","TCP","60","[TCP Keep-Alive ACK] 443  >  58059 [ACK] Seq=1 Ack=2 Win=65535 Len=0"
"14663","96.357569","192.168.100.5","23.40.36.215","TCP","55","[TCP Keep-Alive] 58069  >  443 [ACK] Seq=1 Ack=1 Win=64952 Len=1"
"14664","96.383492","23.40.36.215","192.168.100.5","TCP","60","[TCP Keep-Alive ACK] 443  >  58069 [ACK] Seq=1 Ack=2 Win=63784 Len=0"
"14665","96.466537","192.168.100.5","104.84.156.239","TCP","55","[TCP Keep-Alive] 58070  >  443 [ACK] Seq=1 Ack=1 Win=63959 Len=1"
"14666","96.490946","104.84.156.239","192.168.100.5","TCP","60","[TCP Keep-Alive ACK] 443  >  58070 [ACK] Seq=1 Ack=2 Win=63765 Len=0"
"14667","97.018601","192.168.100.5","69.173.158.64","TCP","55","[TCP Keep-Alive] 58073  >  443 [ACK] Seq=1 Ack=1 Win=64328 Len=1"
"14668","97.027553","192.168.100.5","69.173.158.64","TCP","55","[TCP Keep-Alive] 58072  >  443 [ACK] Seq=1 Ack=1 Win=63779 Len=1"
"14669","97.028560","192.168.100.5","69.173.158.64","TCP","55","[TCP Keep-Alive] 58068  >  443 [ACK] Seq=1 Ack=1 Win=64040 Len=1"
"14670","97.036571","192.168.100.5","69.173.158.64","TCP","55","[TCP Keep-Alive] 58071  >  443 [ACK] Seq=1 Ack=1 Win=64248 Len=1"
"14671","97.037502","192.168.100.5","69.173.158.65","TCP","55","[TCP Keep-Alive] 58046  >  443 [ACK] Seq=1 Ack=1 Win=63752 Len=1"
"14672","97.044244","69.173.158.64","192.168.100.5","TCP","60","[TCP Keep-Alive ACK] 443  >  58073 [ACK] Seq=1 Ack=2 Win=28160 Len=0"
"14673","97.051488","69.173.158.64","192.168.100.5","TCP","60","[TCP Keep-Alive ACK] 443  >  58072 [ACK] Seq=1 Ack=2 Win=28160 Len=0"
"14674","97.053535","69.173.158.64","192.168.100.5","TCP","60","[TCP Keep-Alive ACK] 443  >  58068 [ACK] Seq=1 Ack=2 Win=28160 Len=0"
"14675","97.058558","192.168.100.5","69.173.158.65","TCP","55","[TCP Keep-Alive] 58043  >  443 [ACK] Seq=1 Ack=1 Win=63736 Len=1"
"14676","97.065637","69.173.158.64","192.168.100.5","TCP","60","[TCP Keep-Alive ACK] 443  >  58071 [ACK] Seq=1 Ack=2 Win=28160 Len=0"
"14677","97.065637","69.173.158.65","192.168.100.5","TCP","60","[TCP Keep-Alive ACK] 443  >  58046 [ACK] Seq=1 Ack=2 Win=38400 Len=0"
"14678","97.083377","69.173.158.65","192.168.100.5","TCP","60","[TCP Keep-Alive ACK] 443  >  58043 [ACK] Seq=1 Ack=2 Win=40960 Len=0"
"14679","97.917540","192.168.100.5","69.173.158.64","TCP","55","[TCP Keep-Alive] 50415  >  443 [ACK] Seq=1 Ack=1 Win=64952 Len=1"
"14680","97.941292","69.173.158.64","192.168.100.5","TCP","60","[TCP Keep-Alive ACK] 443  >  50415 [ACK] Seq=1 Ack=2 Win=28160 Len=0"
"14681","98.258603","192.168.100.5","34.98.64.218","TCP","55","[TCP Keep-Alive] 58056  >  443 [ACK] Seq=1 Ack=1 Win=259 Len=1"
"14682","98.273172","34.98.64.218","192.168.100.5","TCP","66","[TCP Keep-Alive ACK] 443  >  58056 [ACK] Seq=1 Ack=2 Win=280 Len=0 SLE=1 SRE=2"
"14683","98.286585","192.168.100.5","130.211.16.136","TCP","55","[TCP Keep-Alive] 50419  >  443 [ACK] Seq=1 Ack=1 Win=259 Len=1"
"14684","98.300427","130.211.16.136","192.168.100.5","TCP","66","[TCP Keep-Alive ACK] 443  >  50419 [ACK] Seq=1 Ack=2 Win=265 Len=0 SLE=1 SRE=2"
"14685","98.646605","192.168.100.5","103.229.206.241","TCP","55","[TCP Keep-Alive] 50421  >  443 [ACK] Seq=1 Ack=1 Win=64952 Len=1"
"14686","98.703637","103.229.206.241","192.168.100.5","TCP","60","[TCP Keep-Alive ACK] 443  >  50421 [ACK] Seq=1 Ack=2 Win=63981 Len=0"
"14687","99.356629","192.168.100.5","23.88.75.189","TCP","55","[TCP Keep-Alive] 50412  >  443 [ACK] Seq=1 Ack=1 Win=63948 Len=1"
"14688","99.545216","23.88.75.189","192.168.100.5","TCP","60","[TCP Keep-Alive ACK] 443  >  50412 [ACK] Seq=1 Ack=2 Win=64032 Len=0"
"14691","105.976859","192.168.100.5","103.231.98.193","TCP","55","[TCP Keep-Alive] 58049  >  443 [ACK] Seq=1 Ack=1 Win=64722 Len=1"
"14692","105.999724","103.231.98.193","192.168.100.5","TCP","60","[TCP Keep-Alive ACK] 443  >  58049 [ACK] Seq=1 Ack=2 Win=31723 Len=0"
"14693","106.117915","192.168.100.5","69.173.158.65","TCP","55","[TCP Keep-Alive] 58045  >  443 [ACK] Seq=1 Ack=1 Win=64952 Len=1"
"14694","106.141613","69.173.158.65","192.168.100.5","TCP","60","[TCP Keep-Alive ACK] 443  >  58045 [ACK] Seq=1 Ack=2 Win=65535 Len=0"
"14695","106.207885","192.168.100.5","13.33.38.178","TCP","55","[TCP Keep-Alive] 58038  >  443 [ACK] Seq=1 Ack=1 Win=63782 Len=1"
"14696","106.227878","192.168.100.5","104.18.2.114","TCP","55","[TCP Keep-Alive] 58054  >  443 [ACK] Seq=1 Ack=1 Win=257 Len=1"
"14697","106.231837","13.33.38.178","192.168.100.5","TCP","60","[TCP Keep-Alive ACK] 443  >  58038 [ACK] Seq=1 Ack=2 Win=65535 Len=0"
"14698","106.241135","104.18.2.114","192.168.100.5","TCP","66","[TCP Keep-Alive ACK] 443  >  58054 [ACK] Seq=1 Ack=2 Win=133 Len=0 SLE=1 SRE=2"
"14699","106.296856","192.168.100.5","74.125.200.188","TCP","55","[TCP Keep-Alive] 63335  >  5228 [ACK] Seq=1 Ack=1 Win=64926 Len=1"
"14700","106.321226","74.125.200.188","192.168.100.5","TCP","60","[TCP Keep-Alive ACK] 5228  >  63335 [ACK] Seq=1 Ack=2 Win=65535 Len=0"
"15142","108.011643","162.159.130.234","192.168.100.5","TLSv1.2","101","Application Data"
"15143","108.211003","192.168.100.5","162.159.130.234","TCP","54","58010  >  443 [ACK] Seq=109 Ack=2122 Win=252 Len=0"
"16117","110.401920","192.168.100.5","162.159.130.234","TLSv1.2","108","Application Data"
"16118","110.415290","162.159.130.234","192.168.100.5","TCP","60","443  >  58010 [ACK] Seq=2122 Ack=163 Win=72 Len=0"
"16119","110.649132","162.159.130.234","192.168.100.5","TLSv1.2","87","Application Data"
"16120","110.851085","192.168.100.5","162.159.130.234","TCP","54","58010  >  443 [ACK] Seq=163 Ack=2155 Win=252 Len=0"
"16139","115.311200","192.168.100.5","13.227.254.2","TCP","55","[TCP Keep-Alive] 58066  >  443 [ACK] Seq=1 Ack=1 Win=64952 Len=1"
"16140","115.341728","13.227.254.2","192.168.100.5","TCP","60","[TCP Keep-Alive ACK] 443  >  58066 [ACK] Seq=1 Ack=2 Win=65535 Len=0"
"16141","115.371218","192.168.100.5","104.17.32.105","TCP","55","[TCP Keep-Alive] 58027  >  443 [ACK] Seq=1 Ack=1 Win=254 Len=1"
"16142","115.392046","104.17.32.105","192.168.100.5","TCP","66","[TCP Keep-Alive ACK] 443  >  58027 [ACK] Seq=1 Ack=2 Win=137 Len=0 SLE=1 SRE=2"
"16143","116.641312","192.168.100.5","142.251.10.121","TCP","55","[TCP Keep-Alive] 58023  >  443 [ACK] Seq=3858 Ack=373 Win=64208 Len=1"
"16144","116.667492","142.251.10.121","192.168.100.5","TCP","60","[TCP Keep-Alive ACK] 443  >  58023 [ACK] Seq=373 Ack=3859 Win=65535 Len=0"
"16145","117.016733","162.159.130.234","192.168.100.5","TLSv1.2","98","Application Data"
"16146","117.216293","192.168.100.5","162.159.130.234","TCP","54","58010  >  443 [ACK] Seq=163 Ack=2199 Win=252 Len=0"
"16155","119.746396","192.168.100.5","69.173.158.65","TCP","55","[TCP Keep-Alive] 58047  >  443 [ACK] Seq=1 Ack=1 Win=64952 Len=1"
"16156","119.770050","69.173.158.65","192.168.100.5","TCP","60","[TCP Keep-Alive ACK] 443  >  58047 [ACK] Seq=1 Ack=2 Win=65535 Len=0"
"16158","120.997619","13.33.38.178","192.168.100.5","TLSv1.2","93","Application Data"
"16159","120.997619","13.33.38.178","192.168.100.5","TLSv1.2","78","Application Data"
"16160","120.997725","192.168.100.5","13.33.38.178","TCP","54","58038  >  443 [ACK] Seq=2 Ack=64 Win=63719 Len=0"
"16161","120.997955","13.33.38.178","192.168.100.5","TCP","60","443  >  58038 [FIN, ACK] Seq=64 Ack=2 Win=65535 Len=0"
"16162","120.998003","192.168.100.5","13.33.38.178","TCP","54","58038  >  443 [ACK] Seq=2 Ack=65 Win=63719 Len=0"
"16163","121.001722","192.168.100.5","13.33.38.178","TCP","54","58038  >  443 [FIN, ACK] Seq=2 Ack=65 Win=63719 Len=0"
"16164","121.026424","13.33.38.178","192.168.100.5","TCP","60","443  >  58038 [ACK] Seq=65 Ack=3 Win=65535 Len=0"
"16169","130.190940","13.227.254.2","192.168.100.5","TLSv1.2","93","Application Data"
"16170","130.190940","13.227.254.2","192.168.100.5","TLSv1.2","78","Application Data"
"16171","130.191040","192.168.100.5","13.227.254.2","TCP","54","58066  >  443 [ACK] Seq=2 Ack=64 Win=64889 Len=0"
"16172","130.191260","13.227.254.2","192.168.100.5","TCP","60","443  >  58066 [FIN, ACK] Seq=64 Ack=2 Win=65535 Len=0"
"16173","130.191313","192.168.100.5","13.227.254.2","TCP","54","58066  >  443 [ACK] Seq=2 Ack=65 Win=64889 Len=0"
"16174","130.191389","192.168.100.5","13.227.254.2","TCP","54","58066  >  443 [FIN, ACK] Seq=2 Ack=65 Win=64889 Len=0"
"16175","130.217736","13.227.254.2","192.168.100.5","TCP","60","443  >  58066 [ACK] Seq=65 Ack=3 Win=65535 Len=0"
"16178","132.447866","192.168.100.5","69.173.158.65","TCP","55","[TCP Keep-Alive] 58044  >  443 [ACK] Seq=1 Ack=1 Win=63795 Len=1"
"16181","134.506827","162.159.130.234","192.168.100.5","TLSv1.2","153","Application Data"
"16182","134.706961","192.168.100.5","162.159.130.234","TCP","54","58010  >  443 [ACK] Seq=163 Ack=2298 Win=251 Len=0"
"16183","135.038929","192.168.100.5","104.18.8.39","TCP","55","[TCP Keep-Alive] 58031  >  443 [ACK] Seq=1 Ack=1 Win=257 Len=1"
"16184","135.046946","192.168.100.5","104.18.8.39","TCP","55","[TCP Keep-Alive] 58032  >  443 [ACK] Seq=1 Ack=1 Win=257 Len=1"
"16185","135.052266","104.18.8.39","192.168.100.5","TCP","66","[TCP Keep-Alive ACK] 443  >  58031 [ACK] Seq=1 Ack=2 Win=70 Len=0 SLE=1 SRE=2"
"16186","135.143722","104.18.8.39","192.168.100.5","TCP","66","[TCP Keep-Alive ACK] 443  >  58032 [ACK] Seq=1 Ack=2 Win=70 Len=0 SLE=1 SRE=2"
"16187","135.206967","192.168.100.5","104.18.8.39","TCP","55","[TCP Keep-Alive] 58030  >  443 [ACK] Seq=1 Ack=1 Win=257 Len=1"
"16188","135.395645","104.18.8.39","192.168.100.5","TCP","66","[TCP Keep-Alive ACK] 443  >  58030 [ACK] Seq=1 Ack=2 Win=70 Len=0 SLE=1 SRE=2"
"16190","136.506978","192.168.100.5","104.17.32.105","TCP","55","[TCP Keep-Alive] 58034  >  443 [ACK] Seq=1 Ack=1 Win=257 Len=1"
"16191","136.605053","104.17.32.105","192.168.100.5","TCP","66","[TCP Keep-Alive ACK] 443  >  58034 [ACK] Seq=1 Ack=2 Win=70 Len=0 SLE=1 SRE=2"
"16193","137.008010","192.168.100.5","23.200.176.48","TCP","55","[TCP Keep-Alive] 58067  >  443 [ACK] Seq=1 Ack=1 Win=63800 Len=1"
"16194","137.020639","23.200.176.48","192.168.100.5","TCP","66","[TCP Keep-Alive ACK] 443  >  58067 [ACK] Seq=1 Ack=2 Win=63828 Len=0 SLE=1 SRE=2"
"16196","138.179054","192.168.100.5","104.26.9.169","TCP","55","[TCP Keep-Alive] 58041  >  443 [ACK] Seq=1 Ack=1 Win=64952 Len=1"
"16197","138.249049","104.26.9.169","192.168.100.5","TCP","60","[TCP Keep-Alive ACK] 443  >  58041 [ACK] Seq=1 Ack=2 Win=65535 Len=0"
"16198","138.536263","69.173.158.64","192.168.100.5","TCP","60","443  >  50415 [FIN, ACK] Seq=1 Ack=2 Win=28160 Len=0"
"16199","138.536354","192.168.100.5","69.173.158.64","TCP","54","50415  >  443 [ACK] Seq=2 Ack=2 Win=64952 Len=0"
"16200","138.839054","192.168.100.5","104.26.9.169","TCP","55","[TCP Keep-Alive] 58059  >  443 [ACK] Seq=1 Ack=1 Win=64952 Len=1"
"16201","138.864747","104.26.9.169","192.168.100.5","TCP","60","[TCP Keep-Alive ACK] 443  >  58059 [ACK] Seq=1 Ack=2 Win=65535 Len=0"
"16203","140.535815","69.173.158.64","192.168.100.5","TCP","60","443  >  50415 [RST, ACK] Seq=2 Ack=2 Win=28160 Len=0"
"16204","141.386137","192.168.100.5","23.40.36.215","TCP","55","[TCP Keep-Alive] 58069  >  443 [ACK] Seq=1 Ack=1 Win=64952 Len=1"
"16205","141.411916","23.40.36.215","192.168.100.5","TCP","60","[TCP Keep-Alive ACK] 443  >  58069 [ACK] Seq=1 Ack=2 Win=63784 Len=0"
"16206","141.497172","192.168.100.5","104.84.156.239","TCP","55","[TCP Keep-Alive] 58070  >  443 [ACK] Seq=1 Ack=1 Win=63959 Len=1"
"16207","141.522664","104.84.156.239","192.168.100.5","TCP","60","[TCP Keep-Alive ACK] 443  >  58070 [ACK] Seq=1 Ack=2 Win=63765 Len=0"
"16208","142.047231","192.168.100.5","69.173.158.64","TCP","55","[TCP Keep-Alive] 58073  >  443 [ACK] Seq=1 Ack=1 Win=64328 Len=1"
"16209","142.049177","192.168.100.5","69.173.158.64","TCP","55","[TCP Keep-Alive] 58072  >  443 [ACK] Seq=1 Ack=1 Win=63779 Len=1"
"16210","142.057173","192.168.100.5","69.173.158.64","TCP","55","[TCP Keep-Alive] 58068  >  443 [ACK] Seq=1 Ack=1 Win=64040 Len=1"
"16211","142.059152","192.168.100.5","69.173.158.65","TCP","55","[TCP Keep-Alive] 58046  >  443 [ACK] Seq=1 Ack=1 Win=63752 Len=1"
"16212","142.067187","192.168.100.5","69.173.158.64","TCP","55","[TCP Keep-Alive] 58071  >  443 [ACK] Seq=1 Ack=1 Win=64248 Len=1"
"16213","142.071587","69.173.158.64","192.168.100.5","TCP","60","[TCP Keep-Alive ACK] 443  >  58073 [ACK] Seq=1 Ack=2 Win=28160 Len=0"
"16214","142.072048","69.173.158.64","192.168.100.5","TCP","60","[TCP Keep-Alive ACK] 443  >  58072 [ACK] Seq=1 Ack=2 Win=28160 Len=0"
"16215","142.081602","69.173.158.64","192.168.100.5","TCP","60","[TCP Keep-Alive ACK] 443  >  58068 [ACK] Seq=1 Ack=2 Win=28160 Len=0"
"16216","142.082843","69.173.158.65","192.168.100.5","TCP","60","[TCP Keep-Alive ACK] 443  >  58046 [ACK] Seq=1 Ack=2 Win=38400 Len=0"
"16217","142.087177","192.168.100.5","69.173.158.65","TCP","55","[TCP Keep-Alive] 58043  >  443 [ACK] Seq=1 Ack=1 Win=63736 Len=1"
"16218","142.090734","69.173.158.64","192.168.100.5","TCP","60","[TCP Keep-Alive ACK] 443  >  58071 [ACK] Seq=1 Ack=2 Win=28160 Len=0"
"16219","142.122392","69.173.158.65","192.168.100.5","TCP","60","[TCP Keep-Alive ACK] 443  >  58043 [ACK] Seq=1 Ack=2 Win=40960 Len=0"
"16221","143.143853","34.98.64.218","192.168.100.5","TLSv1.2","127","Application Data"
"16222","143.144335","192.168.100.5","34.98.64.218","TCP","54","58056  >  443 [FIN, ACK] Seq=2 Ack=74 Win=258 Len=0"
"16223","143.154601","130.211.16.136","192.168.100.5","TLSv1.2","127","Application Data"
"16224","143.154996","192.168.100.5","130.211.16.136","TCP","54","50419  >  443 [FIN, ACK] Seq=2 Ack=74 Win=258 Len=0"
"16225","143.158406","34.98.64.218","192.168.100.5","TCP","60","443  >  58056 [FIN, ACK] Seq=74 Ack=3 Win=280 Len=0"
"16226","143.158457","192.168.100.5","34.98.64.218","TCP","54","58056  >  443 [ACK] Seq=3 Ack=75 Win=258 Len=0"
"16227","143.169079","130.211.16.136","192.168.100.5","TCP","60","443  >  50419 [FIN, ACK] Seq=74 Ack=3 Win=265 Len=0"
"16228","143.169207","192.168.100.5","130.211.16.136","TCP","54","50419  >  443 [ACK] Seq=3 Ack=75 Win=258 Len=0"
"16229","143.291453","103.229.206.241","192.168.100.5","TLSv1.2","85","Encrypted Alert"
"16230","143.291453","103.229.206.241","192.168.100.5","TCP","60","443  >  50421 [FIN, ACK] Seq=32 Ack=2 Win=63981 Len=0"
"16231","143.291539","192.168.100.5","103.229.206.241","TCP","54","50421  >  443 [ACK] Seq=2 Ack=33 Win=64921 Len=0"
"16234","144.541251","192.168.100.5","23.88.75.189","TCP","55","[TCP Keep-Alive] 50412  >  443 [ACK] Seq=1 Ack=1 Win=63948 Len=1"
"16235","144.730000","23.88.75.189","192.168.100.5","TCP","60","[TCP Keep-Alive ACK] 443  >  50412 [ACK] Seq=1 Ack=2 Win=64032 Len=0"
"16259","149.435820","192.168.100.5","142.251.10.121","TLSv1.2","118","Application Data"
"16260","149.435905","192.168.100.5","142.251.10.121","TLSv1.2","93","Application Data"
"16261","149.435947","192.168.100.5","142.251.10.121","TLSv1.2","724","Application Data"
"16263","149.462598","142.251.10.121","192.168.100.5","TCP","60","443  >  58023 [ACK] Seq=373 Ack=3923 Win=65535 Len=0"
"16264","149.462598","142.251.10.121","192.168.100.5","TCP","60","443  >  58023 [ACK] Seq=373 Ack=3962 Win=65535 Len=0"
"16265","149.462598","142.251.10.121","192.168.100.5","TCP","60","443  >  58023 [ACK] Seq=373 Ack=4632 Win=65535 Len=0"
"16266","149.464646","142.251.10.121","192.168.100.5","TLSv1.2","93","Application Data"
"16268","149.660092","142.251.10.121","192.168.100.5","TLSv1.2","136","Application Data"
"16269","149.660176","192.168.100.5","142.251.10.121","TCP","54","58023  >  443 [ACK] Seq=4632 Ack=494 Win=64087 Len=0"
"16270","149.670444","192.168.100.5","142.251.10.121","TLSv1.2","93","Application Data"
"16271","149.670566","192.168.100.5","142.251.10.121","TLSv1.2","89","Application Data"
"16272","149.697207","142.251.10.121","192.168.100.5","TCP","60","443  >  58023 [ACK] Seq=494 Ack=4706 Win=65535 Len=0"
"16273","151.004545","192.168.100.5","103.231.98.193","TCP","55","[TCP Keep-Alive] 58049  >  443 [ACK] Seq=1 Ack=1 Win=64722 Len=1"
"16274","151.027659","103.231.98.193","192.168.100.5","TCP","60","[TCP Keep-Alive ACK] 443  >  58049 [ACK] Seq=1 Ack=2 Win=31723 Len=0"
"16275","151.146574","192.168.100.5","69.173.158.65","TCP","55","[TCP Keep-Alive] 58045  >  443 [ACK] Seq=1 Ack=1 Win=64952 Len=1"
"16276","151.201659","69.173.158.65","192.168.100.5","TCP","60","[TCP Keep-Alive ACK] 443  >  58045 [ACK] Seq=1 Ack=2 Win=65535 Len=0"
"16277","151.246539","192.168.100.5","104.18.2.114","TCP","55","[TCP Keep-Alive] 58054  >  443 [ACK] Seq=1 Ack=1 Win=257 Len=1"
"16278","151.272949","104.18.2.114","192.168.100.5","TCP","66","[TCP Keep-Alive ACK] 443  >  58054 [ACK] Seq=1 Ack=2 Win=133 Len=0 SLE=1 SRE=2"
"16279","151.324558","192.168.100.5","74.125.200.188","TCP","55","[TCP Keep-Alive] 63335  >  5228 [ACK] Seq=1 Ack=1 Win=64926 Len=1"
"16282","151.362269","74.125.200.188","192.168.100.5","TCP","60","[TCP Keep-Alive ACK] 5228  >  63335 [ACK] Seq=1 Ack=2 Win=65535 Len=0"
"16289","151.648158","192.168.100.5","162.159.130.234","TLSv1.2","108","Application Data"
"16290","151.661585","162.159.130.234","192.168.100.5","TCP","60","443  >  58010 [ACK] Seq=2298 Ack=217 Win=72 Len=0"
"16291","151.900613","162.159.130.234","192.168.100.5","TLSv1.2","87","Application Data"
"16292","152.107618","192.168.100.5","162.159.130.234","TCP","54","58010  >  443 [ACK] Seq=217 Ack=2331 Win=251 Len=0"
"16293","152.869244","162.159.130.234","192.168.100.5","TLSv1.2","160","Application Data"
"16294","153.077607","192.168.100.5","162.159.130.234","TCP","54","58010  >  443 [ACK] Seq=217 Ack=2437 Win=257 Len=0"
"16311","160.388861","192.168.100.5","104.17.32.105","TCP","55","[TCP Keep-Alive] 58027  >  443 [ACK] Seq=1 Ack=1 Win=254 Len=1"
"16312","160.402741","104.17.32.105","192.168.100.5","TCP","66","[TCP Keep-Alive ACK] 443  >  58027 [ACK] Seq=1 Ack=2 Win=137 Len=0 SLE=1 SRE=2"
"16313","164.778036","192.168.100.5","69.173.158.65","TCP","55","[TCP Keep-Alive] 58047  >  443 [ACK] Seq=1 Ack=1 Win=64952 Len=1"
"16314","164.802300","69.173.158.65","192.168.100.5","TCP","60","[TCP Keep-Alive ACK] 443  >  58047 [ACK] Seq=1 Ack=2 Win=65535 Len=0"
"16319","167.227839","162.159.130.234","192.168.100.5","TLSv1.2","161","Application Data"
"16320","167.427179","192.168.100.5","162.159.130.234","TCP","54","58010  >  443 [ACK] Seq=217 Ack=2544 Win=256 Len=0"
"16327","174.904249","104.18.8.39","192.168.100.5","TLSv1.2","93","Application Data"
"16328","174.904249","104.18.8.39","192.168.100.5","TLSv1.2","78","Application Data"
"16329","174.904386","192.168.100.5","104.18.8.39","TCP","54","58030  >  443 [ACK] Seq=2 Ack=64 Win=256 Len=0"
"16330","174.904622","104.18.8.39","192.168.100.5","TCP","60","443  >  58030 [FIN, ACK] Seq=64 Ack=2 Win=70 Len=0"
"16331","174.904689","192.168.100.5","104.18.8.39","TCP","54","58030  >  443 [ACK] Seq=2 Ack=65 Win=256 Len=0"
"16332","174.904712","192.168.100.5","104.18.8.39","TCP","54","58030  >  443 [FIN, ACK] Seq=2 Ack=65 Win=256 Len=0"
"16333","174.918927","104.18.8.39","192.168.100.5","TCP","60","443  >  58030 [ACK] Seq=65 Ack=3 Win=70 Len=0"
"16334","174.926516","104.18.8.39","192.168.100.5","TLSv1.2","93","Application Data"
"16335","174.926516","104.18.8.39","192.168.100.5","TLSv1.2","78","Application Data"
"16336","174.926516","104.18.8.39","192.168.100.5","TCP","60","443  >  58031 [FIN, ACK] Seq=64 Ack=2 Win=70 Len=0"
"16337","174.926612","192.168.100.5","104.18.8.39","TCP","54","58031  >  443 [ACK] Seq=2 Ack=65 Win=256 Len=0"
"16338","174.926926","192.168.100.5","104.18.8.39","TCP","54","58031  >  443 [FIN, ACK] Seq=2 Ack=65 Win=256 Len=0"
"16339","174.939361","104.18.8.39","192.168.100.5","TCP","60","443  >  58031 [ACK] Seq=65 Ack=3 Win=70 Len=0"
"16340","174.948075","104.18.8.39","192.168.100.5","TLSv1.2","93","Application Data"
"16341","174.948075","104.18.8.39","192.168.100.5","TLSv1.2","78","Application Data"
"16342","174.948075","104.18.8.39","192.168.100.5","TCP","60","443  >  58032 [FIN, ACK] Seq=64 Ack=2 Win=70 Len=0"
"16343","174.948157","192.168.100.5","104.18.8.39","TCP","54","58032  >  443 [ACK] Seq=2 Ack=65 Win=256 Len=0"
"16344","174.948660","192.168.100.5","104.18.8.39","TCP","54","58032  >  443 [FIN, ACK] Seq=2 Ack=65 Win=256 Len=0"
"16345","174.960168","104.18.8.39","192.168.100.5","TCP","60","443  >  58032 [ACK] Seq=65 Ack=3 Win=70 Len=0"
"16350","176.081107","104.17.32.105","192.168.100.5","TLSv1.2","93","Application Data"
"16351","176.081107","104.17.32.105","192.168.100.5","TLSv1.2","78","Application Data"
"16352","176.081220","192.168.100.5","104.17.32.105","TCP","54","58034  >  443 [ACK] Seq=2 Ack=64 Win=256 Len=0"
"16353","176.081411","104.17.32.105","192.168.100.5","TCP","60","443  >  58034 [FIN, ACK] Seq=64 Ack=2 Win=70 Len=0"
"16354","176.081447","192.168.100.5","104.17.32.105","TCP","54","58034  >  443 [ACK] Seq=2 Ack=65 Win=256 Len=0"
"16355","176.081486","192.168.100.5","104.17.32.105","TCP","54","58034  >  443 [FIN, ACK] Seq=2 Ack=65 Win=256 Len=0"
"16356","176.096139","104.17.32.105","192.168.100.5","TCP","60","443  >  58034 [ACK] Seq=65 Ack=3 Win=70 Len=0"
"16359","177.440553","192.168.100.5","69.173.158.65","TCP","55","[TCP Keep-Alive] 58044  >  443 [ACK] Seq=1 Ack=1 Win=63795 Len=1"
"16360","177.466449","69.173.158.65","192.168.100.5","TCP","60","[TCP Keep-Alive ACK] 443  >  58044 [ACK] Seq=1 Ack=2 Win=61440 Len=0"
"16361","177.962545","104.26.9.169","192.168.100.5","TLSv1.2","93","Application Data"
"16362","177.962545","104.26.9.169","192.168.100.5","TLSv1.2","78","Application Data"
"16363","177.962545","104.26.9.169","192.168.100.5","TCP","60","443  >  58041 [FIN, ACK] Seq=64 Ack=2 Win=65535 Len=0"
"16364","177.962681","192.168.100.5","104.26.9.169","TCP","54","58041  >  443 [ACK] Seq=2 Ack=65 Win=64889 Len=0"
"16365","177.962950","192.168.100.5","104.26.9.169","TCP","54","58041  >  443 [FIN, ACK] Seq=2 Ack=65 Win=64889 Len=0"
"16366","177.986415","104.26.9.169","192.168.100.5","TCP","60","443  >  58041 [ACK] Seq=65 Ack=3 Win=65535 Len=0"
"16367","178.470305","104.26.9.169","192.168.100.5","TLSv1.2","93","Application Data"
"16368","178.470305","104.26.9.169","192.168.100.5","TLSv1.2","78","Application Data"
"16369","178.470404","192.168.100.5","104.26.9.169","TCP","54","58059  >  443 [ACK] Seq=2 Ack=64 Win=64889 Len=0"
"16370","178.470626","104.26.9.169","192.168.100.5","TCP","60","443  >  58059 [FIN, ACK] Seq=64 Ack=2 Win=65535 Len=0"
"16371","178.470686","192.168.100.5","104.26.9.169","TCP","54","58059  >  443 [ACK] Seq=2 Ack=65 Win=64889 Len=0"
"16372","178.470728","192.168.100.5","104.26.9.169","TCP","54","58059  >  443 [FIN, ACK] Seq=2 Ack=65 Win=64889 Len=0"
"16373","178.497150","104.26.9.169","192.168.100.5","TCP","60","443  >  58059 [ACK] Seq=65 Ack=3 Win=65535 Len=0"
"16379","179.385774","192.168.100.5","142.251.10.121","TLSv1.2","118","Application Data"
"16380","179.385868","192.168.100.5","142.251.10.121","TLSv1.2","93","Application Data"
"16381","179.385905","192.168.100.5","142.251.10.121","TLSv1.2","391","Application Data"
"16382","179.386125","192.168.100.5","142.251.10.121","TLSv1.2","118","Application Data"
"16383","179.386178","192.168.100.5","142.251.10.121","TLSv1.2","353","Application Data"
"16385","179.414892","142.251.10.121","192.168.100.5","TCP","60","443  >  58023 [ACK] Seq=494 Ack=4809 Win=65535 Len=0"
"16386","179.415018","142.251.10.121","192.168.100.5","TCP","60","443  >  58023 [ACK] Seq=494 Ack=5509 Win=65535 Len=0"
"16387","179.416606","142.251.10.121","192.168.100.5","TLSv1.2","93","Application Data"
"16389","179.610601","192.168.100.5","142.251.10.121","TCP","54","58023  >  443 [ACK] Seq=5509 Ack=533 Win=64048 Len=0"
"16390","179.612885","142.251.10.121","192.168.100.5","TLSv1.2","136","Application Data"
"16391","179.613655","142.251.10.121","192.168.100.5","TLSv1.2","119","Application Data"
"16392","179.613748","192.168.100.5","142.251.10.121","TCP","54","58023  >  443 [ACK] Seq=5509 Ack=680 Win=63901 Len=0"
"16393","179.616627","192.168.100.5","142.251.10.121","TLSv1.2","93","Application Data"
"16394","179.616887","192.168.100.5","142.251.10.121","TLSv1.2","89","Application Data"
"16395","179.617039","192.168.100.5","142.251.10.121","TLSv1.2","89","Application Data"
"16396","179.642249","142.251.10.121","192.168.100.5","TCP","60","443  >  58023 [ACK] Seq=680 Ack=5583 Win=65535 Len=0"
"16397","179.648154","142.251.10.121","192.168.100.5","TCP","60","443  >  58023 [ACK] Seq=680 Ack=5618 Win=65535 Len=0"
"16398","180.839869","103.231.98.193","192.168.100.5","TLSv1.2","100","Application Data"
"16399","180.840078","103.231.98.193","192.168.100.5","TCP","60","443  >  58049 [FIN, ACK] Seq=47 Ack=2 Win=31723 Len=0"
"16400","180.840132","192.168.100.5","103.231.98.193","TCP","54","58049  >  443 [ACK] Seq=2 Ack=48 Win=64676 Len=0"
"16401","180.840150","192.168.100.5","103.231.98.193","TCP","54","58049  >  443 [FIN, ACK] Seq=2 Ack=48 Win=64676 Len=0"
"16402","180.863879","103.231.98.193","192.168.100.5","TCP","60","443  >  58049 [ACK] Seq=48 Ack=3 Win=31723 Len=0"
"16403","182.027676","192.168.100.5","23.200.176.48","TCP","55","[TCP Keep-Alive] 58067  >  443 [ACK] Seq=1 Ack=1 Win=63800 Len=1"
"16404","182.040879","23.200.176.48","192.168.100.5","TCP","66","[TCP Keep-Alive ACK] 443  >  58067 [ACK] Seq=1 Ack=2 Win=63828 Len=0 SLE=1 SRE=2"
"16410","186.417880","192.168.100.5","23.40.36.215","TCP","55","[TCP Keep-Alive] 58069  >  443 [ACK] Seq=1 Ack=1 Win=64952 Len=1"
"16411","186.443942","23.40.36.215","192.168.100.5","TCP","60","[TCP Keep-Alive ACK] 443  >  58069 [ACK] Seq=1 Ack=2 Win=63784 Len=0"
"16412","186.519801","192.168.100.5","104.84.156.239","TCP","55","[TCP Keep-Alive] 58070  >  443 [ACK] Seq=1 Ack=1 Win=63959 Len=1"
"16413","186.545334","104.84.156.239","192.168.100.5","TCP","60","[TCP Keep-Alive ACK] 443  >  58070 [ACK] Seq=1 Ack=2 Win=63765 Len=0"
"16414","187.069795","192.168.100.5","69.173.158.64","TCP","55","[TCP Keep-Alive] 58072  >  443 [ACK] Seq=1 Ack=1 Win=63779 Len=1"
"16415","187.070777","192.168.100.5","69.173.158.64","TCP","55","[TCP Keep-Alive] 58073  >  443 [ACK] Seq=1 Ack=1 Win=64328 Len=1"
"16416","187.079787","192.168.100.5","69.173.158.65","TCP","55","[TCP Keep-Alive] 58046  >  443 [ACK] Seq=1 Ack=1 Win=63752 Len=1"
"16417","187.080778","192.168.100.5","69.173.158.64","TCP","55","[TCP Keep-Alive] 58068  >  443 [ACK] Seq=1 Ack=1 Win=64040 Len=1"
"16418","187.089789","192.168.100.5","69.173.158.64","TCP","55","[TCP Keep-Alive] 58071  >  443 [ACK] Seq=1 Ack=1 Win=64248 Len=1"
"16419","187.094027","69.173.158.64","192.168.100.5","TCP","60","[TCP Keep-Alive ACK] 443  >  58072 [ACK] Seq=1 Ack=2 Win=28160 Len=0"
"16420","187.094348","69.173.158.64","192.168.100.5","TCP","60","[TCP Keep-Alive ACK] 443  >  58073 [ACK] Seq=1 Ack=2 Win=28160 Len=0"
"16421","187.103904","69.173.158.65","192.168.100.5","TCP","60","[TCP Keep-Alive ACK] 443  >  58046 [ACK] Seq=1 Ack=2 Win=38400 Len=0"
"16422","187.105036","69.173.158.64","192.168.100.5","TCP","60","[TCP Keep-Alive ACK] 443  >  58068 [ACK] Seq=1 Ack=2 Win=28160 Len=0"
"16423","187.114564","69.173.158.64","192.168.100.5","TCP","60","[TCP Keep-Alive ACK] 443  >  58071 [ACK] Seq=1 Ack=2 Win=28160 Len=0"
"16424","187.120792","192.168.100.5","69.173.158.65","TCP","55","[TCP Keep-Alive] 58043  >  443 [ACK] Seq=1 Ack=1 Win=63736 Len=1"
"16425","187.145449","69.173.158.65","192.168.100.5","TCP","60","[TCP Keep-Alive ACK] 443  >  58043 [ACK] Seq=1 Ack=2 Win=40960 Len=0"
"16426","188.289888","192.168.100.5","103.229.206.241","TCP","55","[TCP Keep-Alive] 50421  >  443 [ACK] Seq=1 Ack=33 Win=64921 Len=1"
"16427","188.347181","103.229.206.241","192.168.100.5","TCP","60","[TCP Keep-Alive ACK] 443  >  50421 [ACK] Seq=33 Ack=2 Win=63981 Len=0"
"16428","189.729927","192.168.100.5","23.88.75.189","TCP","55","[TCP Keep-Alive] 50412  >  443 [ACK] Seq=1 Ack=1 Win=63948 Len=1"
"16429","189.919248","23.88.75.189","192.168.100.5","TCP","60","[TCP Keep-Alive ACK] 443  >  50412 [ACK] Seq=1 Ack=2 Win=64032 Len=0"
"16438","192.898665","192.168.100.5","162.159.130.234","TLSv1.2","108","Application Data"
"16439","192.912853","162.159.130.234","192.168.100.5","TCP","60","443  >  58010 [ACK] Seq=2544 Ack=271 Win=72 Len=0"
"16440","193.148069","162.159.130.234","192.168.100.5","TLSv1.2","87","Application Data"
"16442","193.348059","192.168.100.5","162.159.130.234","TCP","54","58010  >  443 [ACK] Seq=271 Ack=2577 Win=256 Len=0"
"16443","196.208148","192.168.100.5","69.173.158.65","TCP","55","[TCP Keep-Alive] 58045  >  443 [ACK] Seq=1 Ack=1 Win=64952 Len=1"
"16444","196.232013","69.173.158.65","192.168.100.5","TCP","60","[TCP Keep-Alive ACK] 443  >  58045 [ACK] Seq=1 Ack=2 Win=65535 Len=0"
"16445","196.278233","192.168.100.5","104.18.2.114","TCP","55","[TCP Keep-Alive] 58054  >  443 [ACK] Seq=1 Ack=1 Win=257 Len=1"
"16446","196.291752","104.18.2.114","192.168.100.5","TCP","66","[TCP Keep-Alive ACK] 443  >  58054 [ACK] Seq=1 Ack=2 Win=133 Len=0 SLE=1 SRE=2"
"16447","196.360237","192.168.100.5","74.125.200.188","TCP","55","[TCP Keep-Alive] 63335  >  5228 [ACK] Seq=1 Ack=1 Win=64926 Len=1"
"16448","196.389874","74.125.200.188","192.168.100.5","TCP","60","[TCP Keep-Alive ACK] 5228  >  63335 [ACK] Seq=1 Ack=2 Win=65535 Len=0"
"16471","205.400525","192.168.100.5","104.17.32.105","TCP","55","[TCP Keep-Alive] 58027  >  443 [ACK] Seq=1 Ack=1 Win=254 Len=1"
"16472","205.414355","104.17.32.105","192.168.100.5","TCP","66","[TCP Keep-Alive ACK] 443  >  58027 [ACK] Seq=1 Ack=2 Win=137 Len=0 SLE=1 SRE=2"
"16473","206.026094","192.168.100.5","142.251.10.121","TLSv1.2","125","Application Data"
"16474","206.027380","192.168.100.5","142.251.10.121","TLSv1.2","93","Application Data"
"16475","206.027532","192.168.100.5","142.251.10.121","TLSv1.2","902","Application Data"
"16476","206.051928","142.251.10.121","192.168.100.5","TCP","60","443  >  58023 [ACK] Seq=680 Ack=5689 Win=65535 Len=0"
"16477","206.052451","142.251.10.121","192.168.100.5","TCP","60","443  >  58023 [ACK] Seq=680 Ack=5728 Win=65535 Len=0"
"16478","206.053208","142.251.10.121","192.168.100.5","TCP","60","443  >  58023 [ACK] Seq=680 Ack=6576 Win=65535 Len=0"
"16479","206.053383","142.251.10.121","192.168.100.5","TLSv1.2","93","Application Data"
"16480","206.252585","192.168.100.5","142.251.10.121","TCP","54","58023  >  443 [ACK] Seq=6576 Ack=719 Win=63862 Len=0"
"16481","206.254094","142.251.10.121","192.168.100.5","TLSv1.2","136","Application Data"
"16482","206.255223","192.168.100.5","142.251.10.121","TLSv1.2","93","Application Data"
"16483","206.255330","192.168.100.5","142.251.10.121","TLSv1.2","89","Application Data"
"16484","206.281130","142.251.10.121","192.168.100.5","TCP","60","443  >  58023 [ACK] Seq=801 Ack=6650 Win=65535 Len=0"
"16494","209.802654","192.168.100.5","69.173.158.65","TCP","55","[TCP Keep-Alive] 58047  >  443 [ACK] Seq=1 Ack=1 Win=64952 Len=1"
"16495","209.826870","69.173.158.65","192.168.100.5","TCP","60","[TCP Keep-Alive ACK] 443  >  58047 [ACK] Seq=1 Ack=2 Win=65535 Len=0"
"16510","217.219063","162.159.130.234","192.168.100.5","TLSv1.2","145","Application Data"
"16512","217.419019","192.168.100.5","162.159.130.234","TCP","54","58010  >  443 [ACK] Seq=271 Ack=2668 Win=256 Len=0"
"16532","222.463107","192.168.100.5","69.173.158.65","TCP","55","[TCP Keep-Alive] 58044  >  443 [ACK] Seq=1 Ack=1 Win=63795 Len=1"
"16533","222.486943","69.173.158.65","192.168.100.5","TCP","60","[TCP Keep-Alive ACK] 443  >  58044 [ACK] Seq=1 Ack=2 Win=61440 Len=0"
"16600","223.813987","192.168.100.5","142.251.10.121","TLSv1.2","122","Application Data"
"16601","223.814291","192.168.100.5","142.251.10.121","TLSv1.2","93","Application Data"
"16602","223.814360","192.168.100.5","142.251.10.121","TCP","1466","58023  >  443 [ACK] Seq=6757 Ack=801 Win=63780 Len=1412 [TCP segment of a reassembled PDU]"
"16603","223.814360","192.168.100.5","142.251.10.121","TLSv1.2","522","Application Data"
"16606","223.839581","142.251.10.121","192.168.100.5","TCP","60","443  >  58023 [ACK] Seq=801 Ack=6757 Win=65535 Len=0"
"16607","223.840486","142.251.10.121","192.168.100.5","TCP","60","443  >  58023 [ACK] Seq=801 Ack=8169 Win=65535 Len=0"
"16608","223.840740","142.251.10.121","192.168.100.5","TLSv1.2","93","Application Data"
"16610","224.040146","192.168.100.5","142.251.10.121","TCP","54","58023  >  443 [ACK] Seq=8637 Ack=840 Win=63741 Len=0"
"16611","224.046482","142.251.10.121","192.168.100.5","TLSv1.2","136","Application Data"
"16612","224.047851","192.168.100.5","142.251.10.121","TLSv1.2","93","Application Data"
"16613","224.047936","192.168.100.5","142.251.10.121","TLSv1.2","89","Application Data"
"16614","224.074477","142.251.10.121","192.168.100.5","TCP","60","443  >  58023 [ACK] Seq=922 Ack=8711 Win=65535 Len=0"
"17893","227.039318","192.168.100.5","23.200.176.48","TCP","55","[TCP Keep-Alive] 58067  >  443 [ACK] Seq=1 Ack=1 Win=63800 Len=1"
"17894","227.051902","23.200.176.48","192.168.100.5","TCP","66","[TCP Keep-Alive ACK] 443  >  58067 [ACK] Seq=1 Ack=2 Win=63828 Len=0 SLE=1 SRE=2"
"18918","229.549297","162.159.130.234","192.168.100.5","TLSv1.2","355","Application Data"
"19038","229.749374","192.168.100.5","162.159.130.234","TCP","54","58010  >  443 [ACK] Seq=271 Ack=2969 Win=254 Len=0"
"20537","231.439429","192.168.100.5","23.40.36.215","TCP","55","[TCP Keep-Alive] 58069  >  443 [ACK] Seq=1 Ack=1 Win=64952 Len=1"
"20539","231.465158","23.40.36.215","192.168.100.5","TCP","60","[TCP Keep-Alive ACK] 443  >  58069 [ACK] Seq=1 Ack=2 Win=63784 Len=0"
"20603","231.539435","192.168.100.5","104.84.156.239","TCP","55","[TCP Keep-Alive] 58070  >  443 [ACK] Seq=1 Ack=1 Win=63959 Len=1"
"20690","231.563030","104.84.156.239","192.168.100.5","TCP","60","[TCP Keep-Alive ACK] 443  >  58070 [ACK] Seq=1 Ack=2 Win=63765 Len=0"
"20734","232.089462","192.168.100.5","69.173.158.64","TCP","55","[TCP Keep-Alive] 58073  >  443 [ACK] Seq=1 Ack=1 Win=64328 Len=1"
"20735","232.091429","192.168.100.5","69.173.158.64","TCP","55","[TCP Keep-Alive] 58072  >  443 [ACK] Seq=1 Ack=1 Win=63779 Len=1"
"20736","232.099453","192.168.100.5","69.173.158.64","TCP","55","[TCP Keep-Alive] 58068  >  443 [ACK] Seq=1 Ack=1 Win=64040 Len=1"
"20737","232.101433","192.168.100.5","69.173.158.65","TCP","55","[TCP Keep-Alive] 58046  >  443 [ACK] Seq=1 Ack=1 Win=63752 Len=1"
"20738","232.109452","192.168.100.5","69.173.158.64","TCP","55","[TCP Keep-Alive] 58071  >  443 [ACK] Seq=1 Ack=1 Win=64248 Len=1"
"20739","232.114128","69.173.158.64","192.168.100.5","TCP","60","[TCP Keep-Alive ACK] 443  >  58073 [ACK] Seq=1 Ack=2 Win=28160 Len=0"
"20740","232.114554","69.173.158.64","192.168.100.5","TCP","60","[TCP Keep-Alive ACK] 443  >  58072 [ACK] Seq=1 Ack=2 Win=28160 Len=0"
"20741","232.124382","69.173.158.64","192.168.100.5","TCP","60","[TCP Keep-Alive ACK] 443  >  58068 [ACK] Seq=1 Ack=2 Win=28160 Len=0"
"20742","232.124928","69.173.158.65","192.168.100.5","TCP","60","[TCP Keep-Alive ACK] 443  >  58046 [ACK] Seq=1 Ack=2 Win=38400 Len=0"
"20744","232.133072","69.173.158.64","192.168.100.5","TCP","60","[TCP Keep-Alive ACK] 443  >  58071 [ACK] Seq=1 Ack=2 Win=28160 Len=0"
"20745","232.139446","192.168.100.5","69.173.158.65","TCP","55","[TCP Keep-Alive] 58043  >  443 [ACK] Seq=1 Ack=1 Win=63736 Len=1"
"20812","232.163179","69.173.158.65","192.168.100.5","TCP","60","[TCP Keep-Alive ACK] 443  >  58043 [ACK] Seq=1 Ack=2 Win=40960 Len=0"
"22002","233.339507","192.168.100.5","103.229.206.241","TCP","55","[TCP Keep-Alive] 50421  >  443 [ACK] Seq=1 Ack=33 Win=64921 Len=1"
"22003","233.395854","103.229.206.241","192.168.100.5","TCP","60","443  >  50421 [RST] Seq=33 Win=0 Len=0"
"22917","234.148121","192.168.100.5","162.159.130.234","TLSv1.2","108","Application Data"
"22918","234.161446","162.159.130.234","192.168.100.5","TCP","60","443  >  58010 [ACK] Seq=2969 Ack=325 Win=72 Len=0"
"22955","234.397446","162.159.130.234","192.168.100.5","TLSv1.2","87","Application Data"
"22957","234.589525","192.168.100.5","162.159.130.234","TCP","54","58010  >  443 [ACK] Seq=325 Ack=3002 Win=254 Len=0"
"23092","234.926567","192.168.100.5","23.88.75.189","TCP","55","[TCP Keep-Alive] 50412  >  443 [ACK] Seq=1 Ack=1 Win=63948 Len=1"
"23533","235.116571","23.88.75.189","192.168.100.5","TCP","60","[TCP Keep-Alive ACK] 443  >  50412 [ACK] Seq=1 Ack=2 Win=64032 Len=0"
"25273","241.229779","192.168.100.5","69.173.158.65","TCP","55","[TCP Keep-Alive] 58045  >  443 [ACK] Seq=1 Ack=1 Win=64952 Len=1"
"25274","241.253902","69.173.158.65","192.168.100.5","TCP","60","[TCP Keep-Alive ACK] 443  >  58045 [ACK] Seq=1 Ack=2 Win=65535 Len=0"
"25276","241.289822","192.168.100.5","104.18.2.114","TCP","55","[TCP Keep-Alive] 58054  >  443 [ACK] Seq=1 Ack=1 Win=257 Len=1"
"25277","241.302543","104.18.2.114","192.168.100.5","TCP","66","[TCP Keep-Alive ACK] 443  >  58054 [ACK] Seq=1 Ack=2 Win=133 Len=0 SLE=1 SRE=2"
"25478","241.396803","192.168.100.5","74.125.200.188","TCP","55","[TCP Keep-Alive] 63335  >  5228 [ACK] Seq=1 Ack=1 Win=64926 Len=1"
"25479","241.421374","74.125.200.188","192.168.100.5","TCP","60","[TCP Keep-Alive ACK] 5228  >  63335 [ACK] Seq=1 Ack=2 Win=65535 Len=0"
"26979","249.656187","162.159.130.234","192.168.100.5","TLSv1.2","158","Application Data"
"27324","249.856074","192.168.100.5","162.159.130.234","TCP","54","58010  >  443 [ACK] Seq=325 Ack=3106 Win=254 Len=0"
"27711","250.417135","192.168.100.5","104.17.32.105","TCP","55","[TCP Keep-Alive] 58027  >  443 [ACK] Seq=1 Ack=1 Win=254 Len=1"
"27712","250.430789","104.17.32.105","192.168.100.5","TCP","66","[TCP Keep-Alive ACK] 443  >  58027 [ACK] Seq=1 Ack=2 Win=137 Len=0 SLE=1 SRE=2"
"31849","252.863135","162.159.130.234","192.168.100.5","TLSv1.2","282","Application Data"
"31867","253.063198","192.168.100.5","162.159.130.234","TCP","54","58010  >  443 [ACK] Seq=325 Ack=3334 Win=253 Len=0"
"31910","254.756763","162.159.130.234","192.168.100.5","TLSv1.2","127","Application Data"
"31911","254.823305","192.168.100.5","69.173.158.65","TCP","55","[TCP Keep-Alive] 58047  >  443 [ACK] Seq=1 Ack=1 Win=64952 Len=1"
"31912","254.848021","69.173.158.65","192.168.100.5","TCP","60","[TCP Keep-Alive ACK] 443  >  58047 [ACK] Seq=1 Ack=2 Win=65535 Len=0"
"31913","254.953307","192.168.100.5","162.159.130.234","TCP","54","58010  >  443 [ACK] Seq=325 Ack=3407 Win=253 Len=0"
